{
  "Global F1 Score": {
    "mean": 0.8544092059135437,
    "sd": 0.003167733059456222
  },
  "Global Precision": {
    "mean": 0.7973574280738831,
    "sd": 0.008618644497598743
  },
  "Global Recall": {
    "mean": 0.920401418209076,
    "sd": 0.006832404072544594
  },
  "Global Accuracy": {
    "mean": 0.8288224220275879,
    "sd": 0.004879264281346217
  },
  "Global AUROC": {
    "mean": 0.9195494771003723,
    "sd": 0.0019251347304164097
  },
  "BC Precision": {
    "mean": 0.56848,
    "sd": 0.006255045963060566
  },
  "BC Recall": {
    "mean": 0.60458,
    "sd": 0.014415741396126672
  },
  "BC F1 Score": {
    "mean": 0.5858399999999999,
    "sd": 0.007111849267244098
  },
  "TC Precision": {
    "mean": 0.5698399999999999,
    "sd": 0.00652000000000001
  },
  "TC Recall": {
    "mean": 0.72166,
    "sd": 0.005469771476030781
  },
  "TC F1 Score": {
    "mean": 0.63674,
    "sd": 0.0031796855190411423
  },
  "Mean F1 Score": {
    "mean": 0.6112900000000001,
    "sd": 0.005025077113836157
  }
}
