{
  "cellvit_scores": {
    "F1": {
      "mean": 0.7787618479052221,
      "std": 0.0
    },
    "Prec": {
      "mean": 0.7666388097812087,
      "std": 0.0
    },
    "Rec": {
      "mean": 0.7974664137768235,
      "std": 0.0
    }
  },
  "classifier": {
    "global": {
      "F1": {
        "mean": 0.8589940905570984,
        "std": 0.004604748003189351
      },
      "Prec": {
        "mean": 0.8589940905570984,
        "std": 0.004604748003189351
      },
      "Rec": {
        "mean": 0.8589940905570984,
        "std": 0.004604748003189351
      },
      "Acc": {
        "mean": 0.8589940905570984,
        "std": 0.004604748003189351
      },
      "Auroc": {
        "mean": 0.9634240627288818,
        "std": 0.0011935981578675508
      },
      "AP": {
        "mean": 0.9019742727279663,
        "std": 0.005161656318925752
      }
    }
  },
  "pipeline": {
    "segmentation_scores": {
      "binary": {
        "dice": {
          "mean": 0.8447450118001756,
          "std": 0.0
        },
        "fast_aji": {
          "mean": 0.5776229057377051,
          "std": 0.0
        },
        "fast_aji_plus": {
          "mean": 0.6080960594268857,
          "std": 0.0
        }
      }
    },
    "detection_scores": {
      "binary": {
        "f1": {
          "mean": 0.7724769578575155,
          "std": 0.0
        },
        "prec": {
          "mean": 0.7859164897381458,
          "std": 0.0
        },
        "rec": {
          "mean": 0.7594893423002393,
          "std": 0.0
        }
      },
      "cell_types": {
        "Miscellaneous": {
          "f1": {
            "mean": 0.506931815636907,
            "std": 0.030022191072621458
          },
          "prec": {
            "mean": 0.5793067699890934,
            "std": 0.07305627945140035
          },
          "rec": {
            "mean": 0.45568881367850456,
            "std": 0.024953028313057707
          }
        },
        "Inflammatory": {
          "f1": {
            "mean": 0.5281098427152214,
            "std": 0.023266867985352338
          },
          "prec": {
            "mean": 0.6874577437948428,
            "std": 0.03685823948750736
          },
          "rec": {
            "mean": 0.43262982591154875,
            "std": 0.0432836816354254
          }
        },
        "Epithelium": {
          "f1": {
            "mean": 0.6806775609689142,
            "std": 0.0017141268364832204
          },
          "prec": {
            "mean": 0.6703613004409652,
            "std": 0.013699819744756671
          },
          "rec": {
            "mean": 0.6918426278545413,
            "std": 0.01284035401272175
          }
        },
        "Spindle-Shaped": {
          "f1": {
            "mean": 0.572296479009526,
            "std": 0.0015335433021296371
          },
          "prec": {
            "mean": 0.5381136648756243,
            "std": 0.022384630127634045
          },
          "rec": {
            "mean": 0.6134192610545846,
            "std": 0.02605485323409798
          }
        }
      }
    },
    "pq_scores": {
      "binary": {
        "pq": {
          "mean": 0.5481970297015736,
          "std": 0.0
        },
        "dq": {
          "mean": 0.7089749373687997,
          "std": 0.0
        },
        "sq": {
          "mean": 0.7711988905936644,
          "std": 0.0
        }
      },
      "mean": {
        "pq": {
          "mean": 0.37928180076598916,
          "std": 0.007459320497355049
        },
        "dq": {
          "mean": 0.4853808550592108,
          "std": 0.009787508515466701
        },
        "sq": {
          "mean": 0.6633697676335135,
          "std": 0.014965541612072012
        }
      },
      "mean+": {
        "pq": {
          "mean": 0.45233425985573233,
          "std": 0.004847679442704964
        },
        "dq": {
          "mean": 0.5846730329070543,
          "std": 0.006709534616765161
        },
        "sq": {
          "mean": 0.7687051112558176,
          "std": 0.0008293316708412779
        }
      },
      "cell_types+": {
        "Miscellaneous": {
          "pq": {
            "mean": 0.3263800546403596,
            "std": 0.012151264447296828
          },
          "dq": {
            "mean": 0.4512547999956653,
            "std": 0.01682588210070772
          },
          "sq": {
            "mean": 0.7232751368761019,
            "std": 0.001081861303742296
          }
        },
        "Inflammatory": {
          "pq": {
            "mean": 0.5512780868970844,
            "std": 0.013397237297018728
          },
          "dq": {
            "mean": 0.6648871254657801,
            "std": 0.01849797597622585
          },
          "sq": {
            "mean": 0.8292133670678463,
            "std": 0.0029923235445692056
          }
        },
        "Epithelium": {
          "pq": {
            "mean": 0.5045204772446329,
            "std": 0.0003741941321217234
          },
          "dq": {
            "mean": 0.6507499953999625,
            "std": 0.00040149229123326524
          },
          "sq": {
            "mean": 0.7752908342235723,
            "std": 0.00041485843689081383
          }
        },
        "Spindle-Shaped": {
          "pq": {
            "mean": 0.4271584206408526,
            "std": 0.0016171027237261808
          },
          "dq": {
            "mean": 0.5718002107668093,
            "std": 0.0020857289763450714
          },
          "sq": {
            "mean": 0.7470411068557504,
            "std": 0.0003932754715991506
          }
        }
      }
    }
  }
}
