{
  "Global F1 Score": {
    "mean": 0.8540225028991699,
    "sd": 0.003890289974339348
  },
  "Global Precision": {
    "mean": 0.7931476593017578,
    "sd": 0.01109596442664466
  },
  "Global Recall": {
    "mean": 0.9252408862113952,
    "sd": 0.006998031985413747
  },
  "Global Accuracy": {
    "mean": 0.822690463066101,
    "sd": 0.006587670812317353
  },
  "Global AUROC": {
    "mean": 0.9096091985702515,
    "sd": 0.0036994195860645803
  },
  "BC Precision": {
    "mean": 0.6616799999999999,
    "sd": 0.0032008748804037875
  },
  "BC Recall": {
    "mean": 0.58086,
    "sd": 0.019927327969399205
  },
  "BC F1 Score": {
    "mean": 0.6184999999999999,
    "sd": 0.011791352763784168
  },
  "TC Precision": {
    "mean": 0.69478,
    "sd": 0.009133104620007387
  },
  "TC Recall": {
    "mean": 0.7482599999999999,
    "sd": 0.005534835137562812
  },
  "TC F1 Score": {
    "mean": 0.7204200000000001,
    "sd": 0.002665633133047374
  },
  "Mean F1 Score": {
    "mean": 0.66946,
    "sd": 0.007188421245308342
  }
}
