{
  "Global F1 Score": {
    "mean": 0.838768196105957,
    "sd": 0.003863612366935268
  },
  "Global Precision": {
    "mean": 0.7702025771141052,
    "sd": 0.014628212103121293
  },
  "Global Recall": {
    "mean": 0.921323835849762,
    "sd": 0.014682400539311373
  },
  "Global Accuracy": {
    "mean": 0.8014321088790893,
    "sd": 0.007859977186267159
  },
  "Global AUROC": {
    "mean": 0.8866539359092712,
    "sd": 0.00450427643834654
  },
  "BC Precision": {
    "mean": 0.6660999999999999,
    "sd": 0.009023524810183647
  },
  "BC Recall": {
    "mean": 0.5446,
    "sd": 0.029382988275531145
  },
  "BC F1 Score": {
    "mean": 0.59862,
    "sd": 0.015069625078282448
  },
  "TC Precision": {
    "mean": 0.66512,
    "sd": 0.013746330419424682
  },
  "TC Recall": {
    "mean": 0.7455400000000001,
    "sd": 0.011655144786745475
  },
  "TC F1 Score": {
    "mean": 0.7028000000000001,
    "sd": 0.0038225645841502677
  },
  "Mean F1 Score": {
    "mean": 0.65071,
    "sd": 0.009152890253903397
  }
}
