{
  "Global F1 Score": {
    "mean": 0.8539658904075622,
    "sd": 0.00430848215031455
  },
  "Global Precision": {
    "mean": 0.801154625415802,
    "sd": 0.014117074828026481
  },
  "Global Recall": {
    "mean": 0.91464182138443,
    "sd": 0.011123524759995243
  },
  "Global Accuracy": {
    "mean": 0.8246272921562194,
    "sd": 0.0074652446015697135
  },
  "Global AUROC": {
    "mean": 0.9080259323120117,
    "sd": 0.004356482027994977
  },
  "BC Precision": {
    "mean": 0.65992,
    "sd": 0.008408900046974028
  },
  "BC Recall": {
    "mean": 0.5969999999999999,
    "sd": 0.02482603472163852
  },
  "BC F1 Score": {
    "mean": 0.6264799999999999,
    "sd": 0.011846586006103211
  },
  "TC Precision": {
    "mean": 0.6997,
    "sd": 0.014816477314125625
  },
  "TC Recall": {
    "mean": 0.73908,
    "sd": 0.008810766141488504
  },
  "TC F1 Score": {
    "mean": 0.71868,
    "sd": 0.004210178143499381
  },
  "Mean F1 Score": {
    "mean": 0.67258,
    "sd": 0.007930737670607955
  }
}
