{
  "Global F1 Score": {
    "mean": 0.8519936919212341,
    "sd": 0.0030965044698284603
  },
  "Global Precision": {
    "mean": 0.8010268568992615,
    "sd": 0.013379775137727846
  },
  "Global Recall": {
    "mean": 0.9103058099746704,
    "sd": 0.011757217782519779
  },
  "Global Accuracy": {
    "mean": 0.8227022051811218,
    "sd": 0.006399071939854145
  },
  "Global AUROC": {
    "mean": 0.9058327674865723,
    "sd": 0.003993172515734296
  },
  "BC Precision": {
    "mean": 0.6538799999999999,
    "sd": 0.004547702716757108
  },
  "BC Recall": {
    "mean": 0.59874,
    "sd": 0.024463082389592685
  },
  "BC F1 Score": {
    "mean": 0.6247599999999999,
    "sd": 0.012151312686290315
  },
  "TC Precision": {
    "mean": 0.702,
    "sd": 0.01214528715181324
  },
  "TC Recall": {
    "mean": 0.7359199999999999,
    "sd": 0.009149950819539987
  },
  "TC F1 Score": {
    "mean": 0.71842,
    "sd": 0.0025670216204777105
  },
  "Mean F1 Score": {
    "mean": 0.6715899999999999,
    "sd": 0.007285561062814599
  }
}
