{
  "Global F1 Score": {
    "mean": 0.8719334483146668,
    "sd": 0.0009899788742012716
  },
  "Global Precision": {
    "mean": 0.8149141550064087,
    "sd": 0.00415096427191354
  },
  "Global Recall": {
    "mean": 0.9375698924064636,
    "sd": 0.0033783967153781856
  },
  "Global Accuracy": {
    "mean": 0.8464137792587281,
    "sd": 0.0018689710384475857
  },
  "Global AUROC": {
    "mean": 0.928309416770935,
    "sd": 0.0008383253261977964
  },
  "BC Precision": {
    "mean": 0.5990599999999999,
    "sd": 0.0019561186058109897
  },
  "BC Recall": {
    "mean": 0.63026,
    "sd": 0.007550523160682314
  },
  "BC F1 Score": {
    "mean": 0.6142399999999999,
    "sd": 0.0026881964213948135
  },
  "TC Precision": {
    "mean": 0.62252,
    "sd": 0.003655352240208866
  },
  "TC Recall": {
    "mean": 0.78182,
    "sd": 0.0027959971387682
  },
  "TC F1 Score": {
    "mean": 0.6931200000000001,
    "sd": 0.0012221292893961862
  },
  "Mean F1 Score": {
    "mean": 0.65368,
    "sd": 0.0019075114678554293
  }
}
