{
  "cellvit_scores": {
    "F1": {
      "mean": 0.7787618479052221,
      "std": 0.0
    },
    "Prec": {
      "mean": 0.7666388097812087,
      "std": 0.0
    },
    "Rec": {
      "mean": 0.7974664137768235,
      "std": 0.0
    }
  },
  "classifier": {
    "global": {
      "F1": {
        "mean": 0.8771597623825074,
        "std": 0.003972224252187075
      },
      "Prec": {
        "mean": 0.8771597623825074,
        "std": 0.003972224252187075
      },
      "Rec": {
        "mean": 0.8771597623825074,
        "std": 0.003972224252187075
      },
      "Acc": {
        "mean": 0.8771597623825074,
        "std": 0.003972224252187075
      },
      "Auroc": {
        "mean": 0.9686683773994446,
        "std": 0.0012679884218061925
      },
      "AP": {
        "mean": 0.916436243057251,
        "std": 0.0029956464734618845
      }
    }
  },
  "pipeline": {
    "segmentation_scores": {
      "binary": {
        "dice": {
          "mean": 0.8447450118001756,
          "std": 0.0
        },
        "fast_aji": {
          "mean": 0.5776229057377051,
          "std": 0.0
        },
        "fast_aji_plus": {
          "mean": 0.6080960594268857,
          "std": 0.0
        }
      }
    },
    "detection_scores": {
      "binary": {
        "f1": {
          "mean": 0.7724769578575155,
          "std": 0.0
        },
        "prec": {
          "mean": 0.7859164897381458,
          "std": 0.0
        },
        "rec": {
          "mean": 0.7594893423002393,
          "std": 0.0
        }
      },
      "cell_types": {
        "Miscellaneous": {
          "f1": {
            "mean": 0.5619319294453891,
            "std": 0.013479219822932724
          },
          "prec": {
            "mean": 0.7632856445891598,
            "std": 0.046494352252985184
          },
          "rec": {
            "mean": 0.445304855153156,
            "std": 0.0064567008198114124
          }
        },
        "Inflammatory": {
          "f1": {
            "mean": 0.5755404579499065,
            "std": 0.021787271526655754
          },
          "prec": {
            "mean": 0.6654482671477975,
            "std": 0.04091707726473696
          },
          "rec": {
            "mean": 0.5134260663612075,
            "std": 0.05601078702066136
          }
        },
        "Epithelium": {
          "f1": {
            "mean": 0.6904197210173766,
            "std": 0.0019509892455335954
          },
          "prec": {
            "mean": 0.6718052916151042,
            "std": 0.009963735840369907
          },
          "rec": {
            "mean": 0.7103420703441536,
            "std": 0.008161189413652048
          }
        },
        "Spindle-Shaped": {
          "f1": {
            "mean": 0.5830108014152472,
            "std": 0.003061018373126654
          },
          "prec": {
            "mean": 0.5665623012506986,
            "std": 0.021525100257265017
          },
          "rec": {
            "mean": 0.6027427674939881,
            "std": 0.029336823666693775
          }
        }
      }
    },
    "pq_scores": {
      "binary": {
        "pq": {
          "mean": 0.5481970297015736,
          "std": 0.0
        },
        "dq": {
          "mean": 0.7089749373687997,
          "std": 0.0
        },
        "sq": {
          "mean": 0.7711988905936644,
          "std": 0.0
        }
      },
      "mean": {
        "pq": {
          "mean": 0.4016076173049988,
          "std": 0.006662556779594964
        },
        "dq": {
          "mean": 0.5133696188241618,
          "std": 0.008697281103924294
        },
        "sq": {
          "mean": 0.6713663617561159,
          "std": 0.011519489345134012
        }
      },
      "mean+": {
        "pq": {
          "mean": 0.46784874918610786,
          "std": 0.004217520714826736
        },
        "dq": {
          "mean": 0.6054316559106189,
          "std": 0.005880462680347093
        },
        "sq": {
          "mean": 0.7678027914419265,
          "std": 0.000678789894869692
        }
      },
      "cell_types+": {
        "Miscellaneous": {
          "pq": {
            "mean": 0.3496811123854433,
            "std": 0.005867710996725484
          },
          "dq": {
            "mean": 0.48352985598995596,
            "std": 0.007956230879383247
          },
          "sq": {
            "mean": 0.7231804069432961,
            "std": 0.0005755829433846109
          }
        },
        "Inflammatory": {
          "pq": {
            "mean": 0.5804051019374061,
            "std": 0.01201190467172494
          },
          "dq": {
            "mean": 0.7027838573861254,
            "std": 0.016564887766300364
          },
          "sq": {
            "mean": 0.8259229651484408,
            "std": 0.002496588749899777
          }
        },
        "Epithelium": {
          "pq": {
            "mean": 0.5094354027745217,
            "std": 0.0007079873199792078
          },
          "dq": {
            "mean": 0.6575276427372272,
            "std": 0.000832221802777876
          },
          "sq": {
            "mean": 0.7747740462578868,
            "std": 0.00028118469759022595
          }
        },
        "Spindle-Shaped": {
          "pq": {
            "mean": 0.4318733796470604,
            "std": 0.0014059576580230633
          },
          "dq": {
            "mean": 0.5778852675291674,
            "std": 0.0017688633595071956
          },
          "sq": {
            "mean": 0.7473337474180828,
            "std": 0.00035112606704503413
          }
        }
      }
    }
  }
}
