{
  "Global F1 Score": {
    "mean": 0.8610924243927002,
    "sd": 0.0009977647896433227
  },
  "Global Precision": {
    "mean": 0.8169164061546326,
    "sd": 0.008925714018931713
  },
  "Global Recall": {
    "mean": 0.9105781197547913,
    "sd": 0.011317164488295174
  },
  "Global Accuracy": {
    "mean": 0.835368013381958,
    "sd": 0.0022655619023506258
  },
  "Global AUROC": {
    "mean": 0.9144319534301758,
    "sd": 0.002082574255785166
  },
  "BC Precision": {
    "mean": 0.65892,
    "sd": 0.008042238494349692
  },
  "BC Recall": {
    "mean": 0.62168,
    "sd": 0.01597352810120544
  },
  "BC F1 Score": {
    "mean": 0.63954,
    "sd": 0.005089047062073618
  },
  "TC Precision": {
    "mean": 0.71624,
    "sd": 0.009364101665402852
  },
  "TC Recall": {
    "mean": 0.7360800000000001,
    "sd": 0.009217027720474766
  },
  "TC F1 Score": {
    "mean": 0.72592,
    "sd": 0.000837615663654904
  },
  "Mean F1 Score": {
    "mean": 0.68273,
    "sd": 0.002824287520774054
  }
}
