{
  "Global F1 Score": {
    "mean": 0.8498751163482666,
    "sd": 0.00553932007925247
  },
  "Global Precision": {
    "mean": 0.7776068329811097,
    "sd": 0.015208222873939053
  },
  "Global Recall": {
    "mean": 0.9373842120170593,
    "sd": 0.00911921833118344
  },
  "Global Accuracy": {
    "mean": 0.8191828727722168,
    "sd": 0.009442676005585356
  },
  "Global AUROC": {
    "mean": 0.9174876570701599,
    "sd": 0.0029289761168881665
  },
  "BC Precision": {
    "mean": 0.5781000000000001,
    "sd": 0.004371269838387943
  },
  "BC Recall": {
    "mean": 0.5689400000000001,
    "sd": 0.025932419863946378
  },
  "BC F1 Score": {
    "mean": 0.57306,
    "sd": 0.011261722781173381
  },
  "TC Precision": {
    "mean": 0.55548,
    "sd": 0.011272160396303823
  },
  "TC Recall": {
    "mean": 0.7359800000000001,
    "sd": 0.006911844905667396
  },
  "TC F1 Score": {
    "mean": 0.63298,
    "sd": 0.004941416800878061
  },
  "Mean F1 Score": {
    "mean": 0.6030200000000001,
    "sd": 0.008005348212289069
  }
}
