{
  "Global F1 Score": {
    "mean": 0.8431824803352356,
    "sd": 0.002913112004303527
  },
  "Global Precision": {
    "mean": 0.7635133028030395,
    "sd": 0.0037868100486844773
  },
  "Global Recall": {
    "mean": 0.9414327502250671,
    "sd": 0.003697200840144211
  },
  "Global Accuracy": {
    "mean": 0.8037562966346741,
    "sd": 0.0038830386320120158
  },
  "Global AUROC": {
    "mean": 0.8887870669364929,
    "sd": 0.00150069660763304
  },
  "BC Precision": {
    "mean": 0.6853999999999998,
    "sd": 0.004562455479234845
  },
  "BC Recall": {
    "mean": 0.52736,
    "sd": 0.006703014247336785
  },
  "BC F1 Score": {
    "mean": 0.59606,
    "sd": 0.004649559118884286
  },
  "TC Precision": {
    "mean": 0.65726,
    "sd": 0.0038432278100575703
  },
  "TC Recall": {
    "mean": 0.7611399999999999,
    "sd": 0.0028765256821381073
  },
  "TC F1 Score": {
    "mean": 0.7054199999999999,
    "sd": 0.0025158696309626393
  },
  "Mean F1 Score": {
    "mean": 0.6507400000000001,
    "sd": 0.0035473088391060723
  }
}
