{
  "Global F1 Score": {
    "mean": 0.8397351503372192,
    "sd": 0.0019188162748910071
  },
  "Global Precision": {
    "mean": 0.7639237523078919,
    "sd": 0.004918489501280608
  },
  "Global Recall": {
    "mean": 0.9323049902915954,
    "sd": 0.004042054987387335
  },
  "Global Accuracy": {
    "mean": 0.8058194041252136,
    "sd": 0.0031709005004209234
  },
  "Global AUROC": {
    "mean": 0.9031262278556824,
    "sd": 0.00209705597854887
  },
  "BC Precision": {
    "mean": 0.5727,
    "sd": 0.0028982753492378683
  },
  "BC Recall": {
    "mean": 0.5507,
    "sd": 0.009230601280523398
  },
  "BC F1 Score": {
    "mean": 0.56146,
    "sd": 0.00484668959187609
  },
  "TC Precision": {
    "mean": 0.5453,
    "sd": 0.0032168307384753602
  },
  "TC Recall": {
    "mean": 0.73228,
    "sd": 0.003032754523531356
  },
  "TC F1 Score": {
    "mean": 0.62508,
    "sd": 0.0012828094168659426
  },
  "Mean F1 Score": {
    "mean": 0.5932700000000001,
    "sd": 0.0030337435620038937
  }
}
