{
  "pipeline": {
    "segmentation_scores": {
      "binary": {
        "dice": {
          "mean": 0.7521460287050367,
          "std": 0.004840266943413851
        },
        "fast_aji": {
          "mean": 0.5213560497570598,
          "std": 0.004899248336839626
        },
        "fast_aji_plus": {
          "mean": 0.5290717361840224,
          "std": 0.0053899614985610505
        }
      }
    },
    "detection_scores": {
      "binary": {
        "f1": {
          "mean": 0.7826856737015842,
          "std": 0.005870081300173864
        },
        "prec": {
          "mean": 0.70885087970249,
          "std": 0.006146508067447362
        },
        "rec": {
          "mean": 0.8736989097450293,
          "std": 0.005698951163493826
        }
      },
      "cell_types": {
        "Neutrophil": {
          "f1": {
            "mean": 0.03453235404796734,
            "std": 0.013418321809553248
          },
          "prec": {
            "mean": 0.0896343064436022,
            "std": 0.025334601868810137
          },
          "rec": {
            "mean": 0.022709551226496313,
            "std": 0.010655529342284574
          }
        },
        "Epithelial": {
          "f1": {
            "mean": 0.6336101006156362,
            "std": 0.003963769250869935
          },
          "prec": {
            "mean": 0.5738343148135209,
            "std": 0.018098979476086588
          },
          "rec": {
            "mean": 0.7088278928368096,
            "std": 0.022757233166776632
          }
        },
        "Lymphocyte": {
          "f1": {
            "mean": 0.5274983522522211,
            "std": 0.014123409686372523
          },
          "prec": {
            "mean": 0.44279749108748945,
            "std": 0.01809485368232561
          },
          "rec": {
            "mean": 0.653210960714507,
            "std": 0.018836080835987257
          }
        },
        "Plasma": {
          "f1": {
            "mean": 0.15499484200439542,
            "std": 0.01233770010470737
          },
          "prec": {
            "mean": 0.2870482936567582,
            "std": 0.01860860898772138
          },
          "rec": {
            "mean": 0.10617425097250144,
            "std": 0.00904152622210179
          }
        },
        "Eosinophil": {
          "f1": {
            "mean": 0.02768791746031314,
            "std": 0.017922347007915337
          },
          "prec": {
            "mean": 0.1459217226720656,
            "std": 0.04839986110997177
          },
          "rec": {
            "mean": 0.016820009794678684,
            "std": 0.01196568827448725
          }
        },
        "Connective tissue": {
          "f1": {
            "mean": 0.40852598268446166,
            "std": 0.013956877620503603
          },
          "prec": {
            "mean": 0.3695075184621209,
            "std": 0.034910752647875735
          },
          "rec": {
            "mean": 0.4623183594331092,
            "std": 0.026185985706244804
          }
        }
      }
    },
    "pq_scores": {
      "binary": {
        "pq": {
          "mean": 0.5032638695976895,
          "std": 0.00936261822768653
        },
        "dq": {
          "mean": 0.6794287325139542,
          "std": 0.012557809180217549
        },
        "sq": {
          "mean": 0.7397383827371152,
          "std": 0.0017587972119641874
        }
      },
      "mean": {
        "pq": {
          "mean": 0.23528077456723342,
          "std": 0.007582390844366119
        },
        "dq": {
          "mean": 0.315735972534658,
          "std": 0.009922053212547192
        },
        "sq": {
          "mean": 0.538856578399871,
          "std": 0.01437601763148981
        }
      },
      "mean+": {
        "pq": {
          "mean": 0.23393177576408908,
          "std": 0.004514025725707899
        },
        "dq": {
          "mean": 0.3162307351425369,
          "std": 0.003913696722034356
        },
        "sq": {
          "mean": 0.68110880962512,
          "std": 0.05553377718736413
        }
      },
      "cell_types+": {
        "Neutrophil": {
          "pq": {
            "mean": 0.025701400751923915,
            "std": 0.01157241980702969
          },
          "dq": {
            "mean": 0.03653296979997414,
            "std": 0.016167811807164978
          },
          "sq": {
            "mean": 0.6994514913222506,
            "std": 0.0091781097194105
          }
        },
        "Epithelial": {
          "pq": {
            "mean": 0.44888938050434324,
            "std": 0.005551185408757871
          },
          "dq": {
            "mean": 0.6018542996649354,
            "std": 0.006529285835149018
          },
          "sq": {
            "mean": 0.7458320513165996,
            "std": 0.0013914338464812708
          }
        },
        "Lymphocyte": {
          "pq": {
            "mean": 0.4489222521317151,
            "std": 0.025990391025411782
          },
          "dq": {
            "mean": 0.6118954656678334,
            "std": 0.02397327047289069
          },
          "sq": {
            "mean": 0.7331485506490093,
            "std": 0.01448573380544758
          }
        },
        "Plasma": {
          "pq": {
            "mean": 0.1351312313082564,
            "std": 0.004163531030601134
          },
          "dq": {
            "mean": 0.18844268207400075,
            "std": 0.0068159292358389864
          },
          "sq": {
            "mean": 0.717520055948195,
            "std": 0.02107831893411792
          }
        },
        "Eosinophil": {
          "pq": {
            "mean": 0.011326126786066154,
            "std": 0.014260554382265865
          },
          "dq": {
            "mean": 0.016890098604817657,
            "std": 0.02111289764246848
          },
          "sq": {
            "mean": 0.43548705069363497,
            "std": 0.3083953673610263
          }
        },
        "Connective tissue": {
          "pq": {
            "mean": 0.3336202631022296,
            "std": 0.00650227454129279
          },
          "dq": {
            "mean": 0.4417688950436603,
            "std": 0.008999054766607473
          },
          "sq": {
            "mean": 0.7552136578210309,
            "std": 0.0033977367287169728
          }
        }
      }
    }
  }
}
