{
  "Global F1 Score": {
    "mean": 0.8346500158309936,
    "sd": 0.005047034558274347
  },
  "Global Precision": {
    "mean": 0.7849507689476013,
    "sd": 0.009599365221912038
  },
  "Global Recall": {
    "mean": 0.8914203763008117,
    "sd": 0.015404921255493984
  },
  "Global Accuracy": {
    "mean": 0.8073169350624084,
    "sd": 0.005622454899961127
  },
  "Global AUROC": {
    "mean": 0.879844582080841,
    "sd": 0.005891905691443131
  },
  "BC Precision": {
    "mean": 0.55396,
    "sd": 0.01131204667599986
  },
  "BC Recall": {
    "mean": 0.5944,
    "sd": 0.017534081099390402
  },
  "BC F1 Score": {
    "mean": 0.5731999999999999,
    "sd": 0.005527024515957907
  },
  "TC Precision": {
    "mean": 0.5562199999999999,
    "sd": 0.008201316967414435
  },
  "TC Recall": {
    "mean": 0.7,
    "sd": 0.011995832609702417
  },
  "TC F1 Score": {
    "mean": 0.61972,
    "sd": 0.003367729205265763
  },
  "Mean F1 Score": {
    "mean": 0.59646,
    "sd": 0.004322545546318723
  }
}
