{
  "precision": {
    "mean": 0.6458025360692136,
    "std": 0.03466262727369128
  },
  "recall": {
    "mean": 0.4776651801874078,
    "std": 0.01920626390236372
  },
  "f1_score": {
    "mean": 0.5480111880173688,
    "std": 0.005306454243486038
  },
  "mAP": {
    "mean": 0.4388875365257263,
    "std": 0.003071719143402159
  },
  "human breast cancer_precision": {
    "mean": 0.7934127238030919,
    "std": 0.014583542086190384
  },
  "human breast cancer_recall": {
    "mean": 0.417699113812097,
    "std": 0.018525449465243614
  },
  "human breast cancer_f1": {
    "mean": 0.5468943768734909,
    "std": 0.014708452514392626
  },
  "human breast cancer_mAP": {
    "mean": 0.48822592496871947,
    "std": 0.008191648219405113
  },
  "canine lung cancer_precision": {
    "mean": 0.4101415246237197,
    "std": 0.038418320301087786
  },
  "canine lung cancer_recall": {
    "mean": 0.41401868965411825,
    "std": 0.033253171572942546
  },
  "canine lung cancer_f1": {
    "mean": 0.4091754014193582,
    "std": 0.008879368401332799
  },
  "canine lung cancer_mAP": {
    "mean": 0.33829447627067566,
    "std": 0.011127711048594474
  },
  "canine lymphoma_precision": {
    "mean": 0.6015669487043954,
    "std": 0.052640023592979056
  },
  "canine lymphoma_recall": {
    "mean": 0.4409523804274376,
    "std": 0.0321789919960092
  },
  "canine lymphoma_f1": {
    "mean": 0.505725774555968,
    "std": 0.007698225675029248
  },
  "canine lymphoma_mAP": {
    "mean": 0.3901235342025757,
    "std": 0.006913218430977329
  },
  "canine cutaneous mast cell tumor_precision": {
    "mean": 0.72553876031727,
    "std": 0.05097690115753901
  },
  "canine cutaneous mast cell tumor_recall": {
    "mean": 0.6085539702473443,
    "std": 0.033051670442014194
  },
  "canine cutaneous mast cell tumor_f1": {
    "mean": 0.6597088487050897,
    "std": 0.01642494861077291
  },
  "canine cutaneous mast cell tumor_mAP": {
    "mean": 0.5194240570068359,
    "std": 0.007617787149536327
  },
  "human neuroendocrine tumor_precision": {
    "mean": 0.5276969110034332,
    "std": 0.030270934072683192
  },
  "human neuroendocrine tumor_recall": {
    "mean": 0.3860869531644613,
    "std": 0.022407128025546934
  },
  "human neuroendocrine tumor_f1": {
    "mean": 0.4452454265419332,
    "std": 0.019106696193420127
  },
  "human neuroendocrine tumor_mAP": {
    "mean": 0.3240488052368164,
    "std": 0.01520013251150908
  },
  "canine soft tissue sarcoma_precision": {
    "mean": 0.751609666598939,
    "std": 0.02409319966412556
  },
  "canine soft tissue sarcoma_recall": {
    "mean": 0.4153225789704734,
    "std": 0.009194963068561737
  },
  "canine soft tissue sarcoma_f1": {
    "mean": 0.5347908525673128,
    "std": 0.008934865336144172
  },
  "canine soft tissue sarcoma_mAP": {
    "mean": 0.45065218210220337,
    "std": 0.009668670595759547
  },
  "human melanoma_precision": {
    "mean": 0.7547611197243371,
    "std": 0.04438192864081732
  },
  "human melanoma_recall": {
    "mean": 0.5981818154628099,
    "std": 0.025648610755535196
  },
  "human melanoma_f1": {
    "mean": 0.6672189863432102,
    "std": 0.031810647719743665
  },
  "human melanoma_mAP": {
    "mean": 0.5925656080245971,
    "std": 0.028352713597330076
  }
}
