{
  "cellvit_scores": {
    "F1": {
      "mean": 0.7787618479052221,
      "std": 0.0
    },
    "Prec": {
      "mean": 0.7666388097812087,
      "std": 0.0
    },
    "Rec": {
      "mean": 0.7974664137768235,
      "std": 0.0
    }
  },
  "classifier": {
    "global": {
      "F1": {
        "mean": 0.7759467482566833,
        "std": 0.006524061535012702
      },
      "Prec": {
        "mean": 0.7759467482566833,
        "std": 0.006524061535012702
      },
      "Rec": {
        "mean": 0.7759467482566833,
        "std": 0.006524061535012702
      },
      "Acc": {
        "mean": 0.7759467482566833,
        "std": 0.006524061535012702
      },
      "Auroc": {
        "mean": 0.9493876338005066,
        "std": 0.002280572402541389
      },
      "AP": {
        "mean": 0.8643384099006652,
        "std": 0.010728404032326968
      }
    }
  },
  "pipeline": {
    "segmentation_scores": {
      "binary": {
        "dice": {
          "mean": 0.8447449897843938,
          "std": 4.403156341759029e-08
        },
        "fast_aji": {
          "mean": 0.5776228840800587,
          "std": 4.3315292908019394e-08
        },
        "fast_aji_plus": {
          "mean": 0.6080960334887042,
          "std": 5.1876362983094275e-08
        }
      }
    },
    "detection_scores": {
      "binary": {
        "f1": {
          "mean": 0.7724769578575155,
          "std": 0.0
        },
        "prec": {
          "mean": 0.7859164897381458,
          "std": 0.0
        },
        "rec": {
          "mean": 0.7594893423002393,
          "std": 0.0
        }
      },
      "cell_types": {
        "Miscellaneous": {
          "f1": {
            "mean": 0.37988946422044123,
            "std": 0.0361350108550606
          },
          "prec": {
            "mean": 0.3179558443212671,
            "std": 0.05168068882806513
          },
          "rec": {
            "mean": 0.4789966161321176,
            "std": 0.009069560649296595
          }
        },
        "Inflammatory": {
          "f1": {
            "mean": 0.25384662624937526,
            "std": 0.04842096111046821
          },
          "prec": {
            "mean": 0.7250781372406528,
            "std": 0.02501928841437222
          },
          "rec": {
            "mean": 0.15538355169413193,
            "std": 0.03663262885007734
          }
        },
        "Epithelium": {
          "f1": {
            "mean": 0.626816730640461,
            "std": 0.011032494699362561
          },
          "prec": {
            "mean": 0.6431283508129628,
            "std": 0.039693818562494036
          },
          "rec": {
            "mean": 0.6141791760222771,
            "std": 0.02543830067865966
          }
        },
        "Spindle-Shaped": {
          "f1": {
            "mean": 0.5376033192631702,
            "std": 0.009728877560470806
          },
          "prec": {
            "mean": 0.4541125392188716,
            "std": 0.01938102721449204
          },
          "rec": {
            "mean": 0.6603152249369864,
            "std": 0.015072851402012869
          }
        }
      }
    },
    "pq_scores": {
      "binary": {
        "pq": {
          "mean": 0.5481970028722157,
          "std": 5.365871573737024e-08
        },
        "dq": {
          "mean": 0.7089749373687997,
          "std": 0.0
        },
        "sq": {
          "mean": 0.7711988529688908,
          "std": 7.524954752646806e-08
        }
      },
      "mean": {
        "pq": {
          "mean": 0.327307323160798,
          "std": 0.009492029419021804
        },
        "dq": {
          "mean": 0.41945699213920495,
          "std": 0.01083432693095564
        },
        "sq": {
          "mean": 0.6896245588305538,
          "std": 0.01361682661553036
        }
      },
      "mean+": {
        "pq": {
          "mean": 0.37460597611188173,
          "std": 0.014880404416877081
        },
        "dq": {
          "mean": 0.48549379143535853,
          "std": 0.018249556636233517
        },
        "sq": {
          "mean": 0.7724716270810805,
          "std": 0.0007755903677775251
        }
      },
      "cell_types+": {
        "Miscellaneous": {
          "pq": {
            "mean": 0.2726676225755984,
            "std": 0.01638877795370729
          },
          "dq": {
            "mean": 0.3765453795946188,
            "std": 0.022691372296847073
          },
          "sq": {
            "mean": 0.7241378054469209,
            "std": 0.0010724011374571023
          }
        },
        "Inflammatory": {
          "pq": {
            "mean": 0.33148352058835956,
            "std": 0.04783197647875193
          },
          "dq": {
            "mean": 0.3947527696639628,
            "std": 0.05735789180380989
          },
          "sq": {
            "mean": 0.8398617468208194,
            "std": 0.002822880400775095
          }
        },
        "Epithelium": {
          "pq": {
            "mean": 0.4842036919741878,
            "std": 0.005423983740648699
          },
          "dq": {
            "mean": 0.6224601139685991,
            "std": 0.006809426691061865
          },
          "sq": {
            "mean": 0.7778853632481424,
            "std": 0.0009159319421542884
          }
        },
        "Spindle-Shaped": {
          "pq": {
            "mean": 0.4100690693093812,
            "std": 0.005852985425606253
          },
          "dq": {
            "mean": 0.5482169025142534,
            "std": 0.007639694858058249
          },
          "sq": {
            "mean": 0.7480015928084398,
            "std": 0.000320746971040476
          }
        }
      }
    }
  }
}
