{
  "Global F1 Score": {
    "mean": 0.8607700109481812,
    "sd": 0.004609895637233033
  },
  "Global Precision": {
    "mean": 0.8269041419029236,
    "sd": 0.004571602210964667
  },
  "Global Recall": {
    "mean": 0.8976950526237488,
    "sd": 0.013028221411513047
  },
  "Global Accuracy": {
    "mean": 0.8400238513946533,
    "sd": 0.004076961458006461
  },
  "Global AUROC": {
    "mean": 0.9246079802513123,
    "sd": 0.004147222900794792
  },
  "BC Precision": {
    "mean": 0.5580999999999999,
    "sd": 0.009023524810183682
  },
  "BC Recall": {
    "mean": 0.6502,
    "sd": 0.008290958931269665
  },
  "BC F1 Score": {
    "mean": 0.6005,
    "sd": 0.002287356552879303
  },
  "TC Precision": {
    "mean": 0.57496,
    "sd": 0.004427459768309601
  },
  "TC Recall": {
    "mean": 0.71162,
    "sd": 0.010903467338420401
  },
  "TC F1 Score": {
    "mean": 0.6359600000000001,
    "sd": 0.003904663877979749
  },
  "Mean F1 Score": {
    "mean": 0.61823,
    "sd": 0.002965231862772233
  }
}
