{
  "cellvit_scores": {
    "F1": {
      "mean": 0.7787618479052221,
      "std": 0.0
    },
    "Prec": {
      "mean": 0.7666388097812087,
      "std": 0.0
    },
    "Rec": {
      "mean": 0.7974664137768235,
      "std": 0.0
    }
  },
  "classifier": {
    "global": {
      "F1": {
        "mean": 0.8429585814476013,
        "std": 0.019671471982333447
      },
      "Prec": {
        "mean": 0.8429585814476013,
        "std": 0.019671471982333447
      },
      "Rec": {
        "mean": 0.8429585814476013,
        "std": 0.019671471982333447
      },
      "Acc": {
        "mean": 0.8429585814476013,
        "std": 0.019671471982333447
      },
      "Auroc": {
        "mean": 0.963285505771637,
        "std": 0.0014461978308464806
      },
      "AP": {
        "mean": 0.8894977569580078,
        "std": 0.02085222784082803
      }
    }
  },
  "pipeline": {
    "segmentation_scores": {
      "binary": {
        "dice": {
          "mean": 0.8447450118001756,
          "std": 0.0
        },
        "fast_aji": {
          "mean": 0.5776229057377051,
          "std": 0.0
        },
        "fast_aji_plus": {
          "mean": 0.6080960594268857,
          "std": 0.0
        }
      }
    },
    "detection_scores": {
      "binary": {
        "f1": {
          "mean": 0.7724769578575155,
          "std": 0.0
        },
        "prec": {
          "mean": 0.7859164897381458,
          "std": 0.0
        },
        "rec": {
          "mean": 0.7594893423002393,
          "std": 0.0
        }
      },
      "cell_types": {
        "Miscellaneous": {
          "f1": {
            "mean": 0.48282508961906156,
            "std": 0.08437971245744672
          },
          "prec": {
            "mean": 0.6205644135044791,
            "std": 0.10170212248959652
          },
          "rec": {
            "mean": 0.4016567795315421,
            "std": 0.0864101595600648
          }
        },
        "Inflammatory": {
          "f1": {
            "mean": 0.4898425469721605,
            "std": 0.06115009202953255
          },
          "prec": {
            "mean": 0.6958749313145728,
            "std": 0.036043148132742744
          },
          "rec": {
            "mean": 0.3881254021857325,
            "std": 0.08574303116631077
          }
        },
        "Epithelium": {
          "f1": {
            "mean": 0.6573837629450068,
            "std": 0.023575928780986223
          },
          "prec": {
            "mean": 0.625466160261096,
            "std": 0.04732334124295153
          },
          "rec": {
            "mean": 0.695818864484504,
            "std": 0.013590529856769897
          }
        },
        "Spindle-Shaped": {
          "f1": {
            "mean": 0.5651061324899446,
            "std": 0.012214713059986768
          },
          "prec": {
            "mean": 0.5308633747337927,
            "std": 0.02672929374624818
          },
          "rec": {
            "mean": 0.6062346347437804,
            "std": 0.02505754432338935
          }
        }
      }
    },
    "pq_scores": {
      "binary": {
        "pq": {
          "mean": 0.5481970297015736,
          "std": 0.0
        },
        "dq": {
          "mean": 0.7089749373687997,
          "std": 0.0
        },
        "sq": {
          "mean": 0.7711988905936644,
          "std": 0.0
        }
      },
      "mean": {
        "pq": {
          "mean": 0.37863005807573025,
          "std": 0.013871942322469907
        },
        "dq": {
          "mean": 0.4842176935537176,
          "std": 0.01751702149688888
        },
        "sq": {
          "mean": 0.6964426289049565,
          "std": 0.020113504441885987
        }
      },
      "mean+": {
        "pq": {
          "mean": 0.44104617384354483,
          "std": 0.01515773395730884
        },
        "dq": {
          "mean": 0.5698421237091745,
          "std": 0.020050159492944076
        },
        "sq": {
          "mean": 0.769568921566094,
          "std": 0.001297914717638111
        }
      },
      "cell_types+": {
        "Miscellaneous": {
          "pq": {
            "mean": 0.317018007556117,
            "std": 0.038908955474555494
          },
          "dq": {
            "mean": 0.4372705535910836,
            "std": 0.05391528707786964
          },
          "sq": {
            "mean": 0.7250760031803252,
            "std": 0.002250072705217575
          }
        },
        "Inflammatory": {
          "pq": {
            "mean": 0.5265406174085223,
            "std": 0.04204288393976907
          },
          "dq": {
            "mean": 0.6336059922471584,
            "std": 0.05286943277664904
          },
          "sq": {
            "mean": 0.831278923026282,
            "std": 0.003392669938238994
          }
        },
        "Epithelium": {
          "pq": {
            "mean": 0.4958989730742454,
            "std": 0.010291912898495108
          },
          "dq": {
            "mean": 0.6397955230959119,
            "std": 0.012919651654533943
          },
          "sq": {
            "mean": 0.7750808604718202,
            "std": 0.0005075809343081632
          }
        },
        "Spindle-Shaped": {
          "pq": {
            "mean": 0.4247270973352945,
            "std": 0.005320928344127211
          },
          "dq": {
            "mean": 0.5686964259025443,
            "std": 0.0069060185575856095
          },
          "sq": {
            "mean": 0.7468398995859484,
            "std": 0.0005705943742503646
          }
        }
      }
    }
  }
}
