{
  "Global F1 Score": {
    "mean": 0.8302445769309997,
    "sd": 0.0010873485935716106
  },
  "Global Precision": {
    "mean": 0.7792437553405762,
    "sd": 0.00723493469802179
  },
  "Global Recall": {
    "mean": 0.8885531425476074,
    "sd": 0.008431062479063962
  },
  "Global Accuracy": {
    "mean": 0.8017329573631287,
    "sd": 0.0027323695510057754
  },
  "Global AUROC": {
    "mean": 0.8809929013252258,
    "sd": 0.0017390198706847724
  },
  "BC Precision": {
    "mean": 0.55084,
    "sd": 0.005870127766922945
  },
  "BC Recall": {
    "mean": 0.5858999999999999,
    "sd": 0.01322966363895924
  },
  "BC F1 Score": {
    "mean": 0.56768,
    "sd": 0.0033379035336570132
  },
  "TC Precision": {
    "mean": 0.55198,
    "sd": 0.006327527163118292
  },
  "TC Recall": {
    "mean": 0.6988999999999999,
    "sd": 0.006577841591282048
  },
  "TC F1 Score": {
    "mean": 0.6167400000000001,
    "sd": 0.0015640971836813765
  },
  "Mean F1 Score": {
    "mean": 0.5922099999999999,
    "sd": 0.0023942430954269987
  }
}
