{
  "Global F1 Score": {
    "mean": 0.8297281861305237,
    "sd": 0.0007561123460126256
  },
  "Global Precision": {
    "mean": 0.7563589930534362,
    "sd": 0.0029427383850304887
  },
  "Global Recall": {
    "mean": 0.9188873171806335,
    "sd": 0.0032548675179075916
  },
  "Global Accuracy": {
    "mean": 0.79142746925354,
    "sd": 0.0015654500983835382
  },
  "Global AUROC": {
    "mean": 0.8759938478469849,
    "sd": 0.001155399671417125
  },
  "BC Precision": {
    "mean": 0.6103400000000001,
    "sd": 0.0012626955294131577
  },
  "BC Recall": {
    "mean": 0.55516,
    "sd": 0.006200838652956545
  },
  "BC F1 Score": {
    "mean": 0.5814199999999999,
    "sd": 0.003061633550900545
  },
  "TC Precision": {
    "mean": 0.62122,
    "sd": 0.0022613270440163995
  },
  "TC Recall": {
    "mean": 0.77786,
    "sd": 0.0027280762452688095
  },
  "TC F1 Score": {
    "mean": 0.6907599999999999,
    "sd": 0.0007863841300535094
  },
  "Mean F1 Score": {
    "mean": 0.63609,
    "sd": 0.0018009441968034293
  }
}
