{
  "cellvit_scores": {
    "F1": {
      "mean": 0.7787618479052221,
      "std": 0.0
    },
    "Prec": {
      "mean": 0.7666388097812087,
      "std": 0.0
    },
    "Rec": {
      "mean": 0.7974664137768235,
      "std": 0.0
    }
  },
  "classifier": {
    "global": {
      "F1": {
        "mean": 0.8770414113998413,
        "std": 0.003027881039301746
      },
      "Prec": {
        "mean": 0.8770414113998413,
        "std": 0.003027881039301746
      },
      "Rec": {
        "mean": 0.8770414113998413,
        "std": 0.003027881039301746
      },
      "Acc": {
        "mean": 0.8770414113998413,
        "std": 0.003027881039301746
      },
      "Auroc": {
        "mean": 0.9692009329795838,
        "std": 0.0005311890039552302
      },
      "AP": {
        "mean": 0.9177047967910766,
        "std": 0.0012274643691113322
      }
    }
  },
  "pipeline": {
    "segmentation_scores": {
      "binary": {
        "dice": {
          "mean": 0.8447450118001756,
          "std": 0.0
        },
        "fast_aji": {
          "mean": 0.5776229057377051,
          "std": 0.0
        },
        "fast_aji_plus": {
          "mean": 0.6080960594268857,
          "std": 0.0
        }
      }
    },
    "detection_scores": {
      "binary": {
        "f1": {
          "mean": 0.7724769578575155,
          "std": 0.0
        },
        "prec": {
          "mean": 0.7859164897381458,
          "std": 0.0
        },
        "rec": {
          "mean": 0.7594893423002393,
          "std": 0.0
        }
      },
      "cell_types": {
        "Miscellaneous": {
          "f1": {
            "mean": 0.5575241062875207,
            "std": 0.011975859345255802
          },
          "prec": {
            "mean": 0.7777019440870678,
            "std": 0.029203707376138557
          },
          "rec": {
            "mean": 0.43582110420977294,
            "std": 0.023788192133201217
          }
        },
        "Inflammatory": {
          "f1": {
            "mean": 0.5816443695361534,
            "std": 0.01790714065176329
          },
          "prec": {
            "mean": 0.6586505298723176,
            "std": 0.037808406929074535
          },
          "rec": {
            "mean": 0.5263163306754979,
            "std": 0.05163814712509193
          }
        },
        "Epithelium": {
          "f1": {
            "mean": 0.6865462991850422,
            "std": 0.0047215656178197386
          },
          "prec": {
            "mean": 0.6630826433219568,
            "std": 0.014245371439623672
          },
          "rec": {
            "mean": 0.7121047575075772,
            "std": 0.008035258872441877
          }
        },
        "Spindle-Shaped": {
          "f1": {
            "mean": 0.5837159937075544,
            "std": 0.0042905297363954355
          },
          "prec": {
            "mean": 0.5735832354259519,
            "std": 0.013958478657847998
          },
          "rec": {
            "mean": 0.5953981348169093,
            "std": 0.022697563355566358
          }
        }
      }
    },
    "pq_scores": {
      "binary": {
        "pq": {
          "mean": 0.5481970297015736,
          "std": 0.0
        },
        "dq": {
          "mean": 0.7089749373687997,
          "std": 0.0
        },
        "sq": {
          "mean": 0.7711988905936644,
          "std": 0.0
        }
      },
      "mean": {
        "pq": {
          "mean": 0.4040095769097956,
          "std": 0.0023347938140520284
        },
        "dq": {
          "mean": 0.5161248997004161,
          "std": 0.003091207985800702
        },
        "sq": {
          "mean": 0.683800698554229,
          "std": 0.0008724448974169008
        }
      },
      "mean+": {
        "pq": {
          "mean": 0.46771405088368684,
          "std": 0.002156032274239549
        },
        "dq": {
          "mean": 0.6053768352460572,
          "std": 0.002520139928480348
        },
        "sq": {
          "mean": 0.7675196462104805,
          "std": 0.0007413531641598137
        }
      },
      "cell_types+": {
        "Miscellaneous": {
          "pq": {
            "mean": 0.34840443996696957,
            "std": 0.006865701605329907
          },
          "dq": {
            "mean": 0.4821044075821693,
            "std": 0.00837086008250692
          },
          "sq": {
            "mean": 0.722644848709215,
            "std": 0.0018062264160155256
          }
        },
        "Inflammatory": {
          "pq": {
            "mean": 0.5830357240712483,
            "std": 0.009963975200176575
          },
          "dq": {
            "mean": 0.7065545891490714,
            "std": 0.012677902909501078
          },
          "sq": {
            "mean": 0.8251945739204917,
            "std": 0.0012201021909766419
          }
        },
        "Epithelium": {
          "pq": {
            "mean": 0.5079656223078463,
            "std": 0.002028535196941467
          },
          "dq": {
            "mean": 0.6556462330457622,
            "std": 0.0024478373929380675
          },
          "sq": {
            "mean": 0.7747548977486972,
            "std": 0.0002057580634960808
          }
        },
        "Spindle-Shaped": {
          "pq": {
            "mean": 0.43145041718868316,
            "std": 0.002913976236778968
          },
          "dq": {
            "mean": 0.5772021112072259,
            "std": 0.0037025226513174745
          },
          "sq": {
            "mean": 0.7474842644635183,
            "std": 0.0003352888863439437
          }
        }
      }
    }
  }
}
