{
  "cellvit_scores": {
    "F1": {
      "mean": 0.7687582749558937,
      "std": 0.0
    },
    "Prec": {
      "mean": 0.8633965890478855,
      "std": 0.0
    },
    "Rec": {
      "mean": 0.7057863931375905,
      "std": 0.0
    }
  },
  "classifier": {
    "global": {
      "F1": {
        "mean": 0.8339149832725525,
        "std": 0.007314172672212062
      },
      "Prec": {
        "mean": 0.8339149832725525,
        "std": 0.007314172672212062
      },
      "Rec": {
        "mean": 0.8339149832725525,
        "std": 0.007314172672212062
      },
      "Acc": {
        "mean": 0.8339149832725525,
        "std": 0.007314172672212062
      },
      "Auroc": {
        "mean": 0.8445765614509583,
        "std": 0.006538788009355672
      },
      "AP": {
        "mean": 0.7017795205116272,
        "std": 0.012712959456857204
      }
    }
  },
  "pipeline": {
    "detection_scores_tia": {
      "binary": {
        "f1": {
          "mean": 0.7791736983561472,
          "std": 0.0
        },
        "prec": {
          "mean": 0.7103133903133904,
          "std": 0.0
        },
        "rec": {
          "mean": 0.8628183831672203,
          "std": 1.1102230246251565e-16
        }
      },
      "cell_types": {
        "other": {
          "f1": {
            "mean": 0.6484152766023035,
            "std": 0.0047738251932736816
          },
          "prec": {
            "mean": 0.5613888426173383,
            "std": 0.007445603888796585
          },
          "rec": {
            "mean": 0.7678127309262248,
            "std": 0.016426414312138513
          }
        },
        "plasma_cell": {
          "f1": {
            "mean": 0.1759690333973759,
            "std": 0.024145560721426967
          },
          "prec": {
            "mean": 0.25068867911864784,
            "std": 0.033254158641322626
          },
          "rec": {
            "mean": 0.13812710814923196,
            "std": 0.029051120517344594
          }
        }
      }
    },
    "scores_ocelot": {
      "Pre/other": {
        "mean": 0.74178,
        "std": 0.01171877126664736
      },
      "Rec/other": {
        "mean": 0.9667999999999999,
        "std": 0.004580392996239495
      },
      "F1/other": {
        "mean": 0.8394199999999999,
        "std": 0.00601045755329826
      },
      "Pre/plasma_cell": {
        "mean": 0.64378,
        "std": 0.04092116322882328
      },
      "Rec/plasma_cell": {
        "mean": 0.44902,
        "std": 0.08993511883574735
      },
      "F1/plasma_cell": {
        "mean": 0.52382,
        "std": 0.06019007891671185
      },
      "mF1": {
        "mean": 0.68162,
        "std": 0.03294025804391944
      }
    }
  }
}
