{
  "cellvit_scores": {
    "F1": {
      "mean": 0.7787618479052221,
      "std": 0.0
    },
    "Prec": {
      "mean": 0.7666388097812087,
      "std": 0.0
    },
    "Rec": {
      "mean": 0.7974664137768235,
      "std": 0.0
    }
  },
  "classifier": {
    "global": {
      "F1": {
        "mean": 0.8665384650230408,
        "std": 0.009063308756069753
      },
      "Prec": {
        "mean": 0.8665384650230408,
        "std": 0.009063308756069753
      },
      "Rec": {
        "mean": 0.8665384650230408,
        "std": 0.009063308756069753
      },
      "Acc": {
        "mean": 0.8665384650230408,
        "std": 0.009063308756069753
      },
      "Auroc": {
        "mean": 0.9681341290473938,
        "std": 0.0012995783048360071
      },
      "AP": {
        "mean": 0.9132858872413635,
        "std": 0.003853109514189643
      }
    }
  },
  "pipeline": {
    "segmentation_scores": {
      "binary": {
        "dice": {
          "mean": 0.8447450118001756,
          "std": 0.0
        },
        "fast_aji": {
          "mean": 0.5776229057377051,
          "std": 0.0
        },
        "fast_aji_plus": {
          "mean": 0.6080960594268857,
          "std": 0.0
        }
      }
    },
    "detection_scores": {
      "binary": {
        "f1": {
          "mean": 0.7724769578575155,
          "std": 0.0
        },
        "prec": {
          "mean": 0.7859164897381458,
          "std": 0.0
        },
        "rec": {
          "mean": 0.7594893423002393,
          "std": 0.0
        }
      },
      "cell_types": {
        "Miscellaneous": {
          "f1": {
            "mean": 0.5633467181008128,
            "std": 0.024606469992060634
          },
          "prec": {
            "mean": 0.7162198662669159,
            "std": 0.07891739575370778
          },
          "rec": {
            "mean": 0.4668806180785398,
            "std": 0.012600492639141961
          }
        },
        "Inflammatory": {
          "f1": {
            "mean": 0.5292709031955415,
            "std": 0.04213248858909993
          },
          "prec": {
            "mean": 0.6950308155340373,
            "std": 0.042655935986905716
          },
          "rec": {
            "mean": 0.43644950503273927,
            "std": 0.07621035432594733
          }
        },
        "Epithelium": {
          "f1": {
            "mean": 0.6873454113993658,
            "std": 0.010121599856132231
          },
          "prec": {
            "mean": 0.6777067624806892,
            "std": 0.026073135536793326
          },
          "rec": {
            "mean": 0.6982272802088711,
            "std": 0.010787824562120962
          }
        },
        "Spindle-Shaped": {
          "f1": {
            "mean": 0.5766331552152256,
            "std": 0.007887825231626296
          },
          "prec": {
            "mean": 0.5378710942673528,
            "std": 0.03564715815935077
          },
          "rec": {
            "mean": 0.6258911679655135,
            "std": 0.031199205360123005
          }
        }
      }
    },
    "pq_scores": {
      "binary": {
        "pq": {
          "mean": 0.5481970297015736,
          "std": 0.0
        },
        "dq": {
          "mean": 0.7089749373687997,
          "std": 0.0
        },
        "sq": {
          "mean": 0.7711988905936644,
          "std": 0.0
        }
      },
      "mean": {
        "pq": {
          "mean": 0.38780823413489973,
          "std": 0.014905594000810984
        },
        "dq": {
          "mean": 0.49538065190872593,
          "std": 0.01913333716969949
        },
        "sq": {
          "mean": 0.6785857610115916,
          "std": 0.007067888243792889
        }
      },
      "mean+": {
        "pq": {
          "mean": 0.4601268987306251,
          "std": 0.007484446595596364
        },
        "dq": {
          "mean": 0.5947739789213491,
          "std": 0.010068449797114605
        },
        "sq": {
          "mean": 0.7694933224747162,
          "std": 0.00107433940998272
        }
      },
      "cell_types+": {
        "Miscellaneous": {
          "pq": {
            "mean": 0.3516472289053333,
            "std": 0.007866313406926529
          },
          "dq": {
            "mean": 0.48489399994221066,
            "std": 0.010678183745705021
          },
          "sq": {
            "mean": 0.7251988445529969,
            "std": 0.0005848108834289043
          }
        },
        "Inflammatory": {
          "pq": {
            "mean": 0.5516047225079148,
            "std": 0.025057635083944756
          },
          "dq": {
            "mean": 0.6646935757351748,
            "std": 0.03355346770377324
          },
          "sq": {
            "mean": 0.830075429359271,
            "std": 0.004258344764992863
          }
        },
        "Epithelium": {
          "pq": {
            "mean": 0.5088683316608614,
            "std": 0.004821431363645267
          },
          "dq": {
            "mean": 0.6562487540273384,
            "std": 0.005867136190172144
          },
          "sq": {
            "mean": 0.7754162051471363,
            "std": 0.0005274080155672298
          }
        },
        "Spindle-Shaped": {
          "pq": {
            "mean": 0.4283873118483908,
            "std": 0.003579415496958505
          },
          "dq": {
            "mean": 0.5732595859806725,
            "std": 0.004741377352820248
          },
          "sq": {
            "mean": 0.7472828108394605,
            "std": 0.000233186676354817
          }
        }
      }
    }
  }
}
