{
  "Global F1 Score": {
    "mean": 0.8261395812034606,
    "sd": 0.0004164082976116552
  },
  "Global Precision": {
    "mean": 0.7621840834617615,
    "sd": 0.002424125973581508
  },
  "Global Recall": {
    "mean": 0.9018343091011047,
    "sd": 0.003390969422179553
  },
  "Global Accuracy": {
    "mean": 0.790078592300415,
    "sd": 0.0009395855804789939
  },
  "Global AUROC": {
    "mean": 0.8677456378936768,
    "sd": 0.0006096667889861488
  },
  "BC Precision": {
    "mean": 0.6018,
    "sd": 0.0011966620241321124
  },
  "BC Recall": {
    "mean": 0.57054,
    "sd": 0.005469040135160808
  },
  "BC F1 Score": {
    "mean": 0.58572,
    "sd": 0.0023827714955488247
  },
  "TC Precision": {
    "mean": 0.6248799999999999,
    "sd": 0.0017417232845661633
  },
  "TC Recall": {
    "mean": 0.7644999999999998,
    "sd": 0.003020595967685838
  },
  "TC F1 Score": {
    "mean": 0.6877000000000001,
    "sd": 0.0004381780460041353
  },
  "Mean F1 Score": {
    "mean": 0.63671,
    "sd": 0.0011412274094149508
  }
}
