{
  "cellvit_scores": {
    "F1": {
      "mean": 0.7687582749558937,
      "std": 0.0
    },
    "Prec": {
      "mean": 0.8633965890478855,
      "std": 0.0
    },
    "Rec": {
      "mean": 0.7057863931375905,
      "std": 0.0
    }
  },
  "classifier": {
    "global": {
      "F1": {
        "mean": 0.6805203080177307,
        "std": 0.010285244759001251
      },
      "Prec": {
        "mean": 0.6805203080177307,
        "std": 0.010285244759001251
      },
      "Rec": {
        "mean": 0.6805203080177307,
        "std": 0.010285244759001251
      },
      "Acc": {
        "mean": 0.6805203080177307,
        "std": 0.010285244759001251
      },
      "Auroc": {
        "mean": 0.8868568778038025,
        "std": 0.013993557306688387
      },
      "AP": {
        "mean": 0.48672000765800477,
        "std": 0.027771543698666405
      }
    }
  },
  "pipeline": {
    "detection_scores_tia": {
      "binary": {
        "f1": {
          "mean": 0.7791736983561472,
          "std": 0.0
        },
        "prec": {
          "mean": 0.7103133903133904,
          "std": 0.0
        },
        "rec": {
          "mean": 0.8628183831672203,
          "std": 1.1102230246251565e-16
        }
      },
      "cell_types": {
        "tumor_nonMitotic": {
          "f1": {
            "mean": 0.6098939858123223,
            "std": 0.008629980758364325
          },
          "prec": {
            "mean": 0.5405131142481411,
            "std": 0.014990302296608757
          },
          "rec": {
            "mean": 0.7001421597754087,
            "std": 0.006526715702785078
          }
        },
        "tumor_mitotic": {
          "f1": {
            "mean": 0.05124878084022685,
            "std": 0.05006612735672009
          },
          "prec": {
            "mean": NaN,
            "std": NaN
          },
          "rec": {
            "mean": 0.030262664165103193,
            "std": 0.029775491764486347
          }
        },
        "nonTILnonMQ_stromal": {
          "f1": {
            "mean": 0.36768568309745214,
            "std": 0.005113379459316672
          },
          "prec": {
            "mean": 0.31799667142403054,
            "std": 0.008341572457279359
          },
          "rec": {
            "mean": 0.4365137180818617,
            "std": 0.01484687721643298
          }
        },
        "macrophage": {
          "f1": {
            "mean": 0.050058196093860564,
            "std": 0.017459443376163234
          },
          "prec": {
            "mean": 0.21646693135158981,
            "std": 0.04195260344368045
          },
          "rec": {
            "mean": 0.028714797663671195,
            "std": 0.010957576693524889
          }
        },
        "lymphocyte": {
          "f1": {
            "mean": 0.4306067286436971,
            "std": 0.008747596206590628
          },
          "prec": {
            "mean": 0.33455201469578094,
            "std": 0.010889777733989327
          },
          "rec": {
            "mean": 0.605733921029778,
            "std": 0.02707804843429145
          }
        },
        "plasma_cell": {
          "f1": {
            "mean": 0.19912903910253738,
            "std": 0.041336282324080084
          },
          "prec": {
            "mean": 0.2840701141699577,
            "std": 0.030186126596823876
          },
          "rec": {
            "mean": 0.15580584882844312,
            "std": 0.0441070449600122
          }
        },
        "other_nucleus": {
          "f1": {
            "mean": 0.0007312614259597807,
            "std": 0.0014625228519195613
          },
          "prec": {
            "mean": NaN,
            "std": NaN
          },
          "rec": {
            "mean": 0.00037313432835820896,
            "std": 0.000746268656716418
          }
        }
      }
    },
    "scores_ocelot": {
      "Pre/tumor_nonMitotic": {
        "mean": 0.71932,
        "std": 0.014432518837680427
      },
      "Rec/tumor_nonMitotic": {
        "mean": 0.9015599999999999,
        "std": 0.003209735191569527
      },
      "F1/tumor_nonMitotic": {
        "mean": 0.8000999999999999,
        "std": 0.007788709777620433
      },
      "Pre/tumor_mitotic": {
        "mean": 0.21271999999999996,
        "std": 0.19796765796462815
      },
      "Rec/tumor_mitotic": {
        "mean": 0.0591,
        "std": 0.06030227193066609
      },
      "F1/tumor_mitotic": {
        "mean": 0.09219999999999999,
        "std": 0.09212037776735393
      },
      "Pre/nonTILnonMQ_stromal": {
        "mean": 0.6009800000000001,
        "std": 0.014744273464637072
      },
      "Rec/nonTILnonMQ_stromal": {
        "mean": 0.81448,
        "std": 0.01185148092012133
      },
      "F1/nonTILnonMQ_stromal": {
        "mean": 0.69138,
        "std": 0.0059337677743571925
      },
      "Pre/macrophage": {
        "mean": 0.33564,
        "std": 0.06152663163216396
      },
      "Rec/macrophage": {
        "mean": 0.061,
        "std": 0.022971460554348736
      },
      "F1/macrophage": {
        "mean": 0.10172,
        "std": 0.03437053389169275
      },
      "Pre/lymphocyte": {
        "mean": 0.53088,
        "std": 0.02061217116171898
      },
      "Rec/lymphocyte": {
        "mean": 0.8775599999999999,
        "std": 0.012477595922292067
      },
      "F1/lymphocyte": {
        "mean": 0.6613,
        "std": 0.015867955129757562
      },
      "Pre/plasma_cell": {
        "mean": 0.6747,
        "std": 0.049081972250511675
      },
      "Rec/plasma_cell": {
        "mean": 0.46272,
        "std": 0.11037797606406814
      },
      "F1/plasma_cell": {
        "mean": 0.54428,
        "std": 0.08712555078735514
      },
      "Pre/other_nucleus": {
        "mean": 0.46744,
        "std": 0.2409080206219793
      },
      "Rec/other_nucleus": {
        "mean": 0.01974,
        "std": 0.01454862192786657
      },
      "F1/other_nucleus": {
        "mean": 0.03748,
        "std": 0.027010175860219792
      },
      "mF1": {
        "mean": 0.4183514285714286,
        "std": 0.028701423700732677
      }
    }
  }
}
