{
  "Global F1 Score": {
    "mean": 0.8618373513221741,
    "sd": 0.001870068777543643
  },
  "Global Precision": {
    "mean": 0.8226845145225525,
    "sd": 0.0057532362831186745
  },
  "Global Recall": {
    "mean": 0.9049720406532288,
    "sd": 0.005172041522353132
  },
  "Global Accuracy": {
    "mean": 0.8381924271583557,
    "sd": 0.002773362111809106
  },
  "Global AUROC": {
    "mean": 0.9174476981163024,
    "sd": 0.0019978905979894587
  },
  "BC Precision": {
    "mean": 0.58038,
    "sd": 0.003640549409086478
  },
  "BC Recall": {
    "mean": 0.6537999999999999,
    "sd": 0.009118552516710106
  },
  "BC F1 Score": {
    "mean": 0.61484,
    "sd": 0.0027817979797246225
  },
  "TC Precision": {
    "mean": 0.62798,
    "sd": 0.005281060499558801
  },
  "TC Recall": {
    "mean": 0.7537200000000001,
    "sd": 0.004314348154704272
  },
  "TC F1 Score": {
    "mean": 0.6850999999999999,
    "sd": 0.001981918262693986
  },
  "Mean F1 Score": {
    "mean": 0.6499699999999999,
    "sd": 0.0023094588110637434
  }
}
