{
  "cellvit_scores": {
    "F1": {
      "mean": 0.7787618479052221,
      "std": 0.0
    },
    "Prec": {
      "mean": 0.7666388097812087,
      "std": 0.0
    },
    "Rec": {
      "mean": 0.7974664137768235,
      "std": 0.0
    }
  },
  "classifier": {
    "global": {
      "F1": {
        "mean": 0.8707100749015808,
        "std": 0.002791122278353976
      },
      "Prec": {
        "mean": 0.8707100749015808,
        "std": 0.002791122278353976
      },
      "Rec": {
        "mean": 0.8707100749015808,
        "std": 0.002791122278353976
      },
      "Acc": {
        "mean": 0.8707100749015808,
        "std": 0.002791122278353976
      },
      "Auroc": {
        "mean": 0.9683602333068848,
        "std": 0.0008981664648934226
      },
      "AP": {
        "mean": 0.9140865683555603,
        "std": 0.0022211961431776893
      }
    }
  },
  "pipeline": {
    "segmentation_scores": {
      "binary": {
        "dice": {
          "mean": 0.8447450118001756,
          "std": 0.0
        },
        "fast_aji": {
          "mean": 0.5776229057377051,
          "std": 0.0
        },
        "fast_aji_plus": {
          "mean": 0.6080960594268857,
          "std": 0.0
        }
      }
    },
    "detection_scores": {
      "binary": {
        "f1": {
          "mean": 0.7724769578575155,
          "std": 0.0
        },
        "prec": {
          "mean": 0.7859164897381458,
          "std": 0.0
        },
        "rec": {
          "mean": 0.7594893423002393,
          "std": 0.0
        }
      },
      "cell_types": {
        "Miscellaneous": {
          "f1": {
            "mean": 0.549810687991756,
            "std": 0.010410777493881784
          },
          "prec": {
            "mean": 0.7597247987576051,
            "std": 0.03512828349289013
          },
          "rec": {
            "mean": 0.43222918718422204,
            "std": 0.022314742635339654
          }
        },
        "Inflammatory": {
          "f1": {
            "mean": 0.5511536521895337,
            "std": 0.022947519583256703
          },
          "prec": {
            "mean": 0.694265514387781,
            "std": 0.02858245161520251
          },
          "rec": {
            "mean": 0.46025037895252846,
            "std": 0.04322382259442173
          }
        },
        "Epithelium": {
          "f1": {
            "mean": 0.682761549988167,
            "std": 0.011991343417219464
          },
          "prec": {
            "mean": 0.6532940562597606,
            "std": 0.02669756808000666
          },
          "rec": {
            "mean": 0.7159464491466314,
            "std": 0.006892213891245071
          }
        },
        "Spindle-Shaped": {
          "f1": {
            "mean": 0.5835792924442741,
            "std": 0.00392634652244245
          },
          "prec": {
            "mean": 0.5583905293449464,
            "std": 0.026453653969166303
          },
          "rec": {
            "mean": 0.613669690040535,
            "std": 0.02554077828757359
          }
        }
      }
    },
    "pq_scores": {
      "binary": {
        "pq": {
          "mean": 0.5481970297015736,
          "std": 0.0
        },
        "dq": {
          "mean": 0.7089749373687997,
          "std": 0.0
        },
        "sq": {
          "mean": 0.7711988905936644,
          "std": 0.0
        }
      },
      "mean": {
        "pq": {
          "mean": 0.39793101979292206,
          "std": 0.0069006560482458845
        },
        "dq": {
          "mean": 0.5080817538795007,
          "std": 0.008712574957607359
        },
        "sq": {
          "mean": 0.678268473405127,
          "std": 0.007414378001102572
        }
      },
      "mean+": {
        "pq": {
          "mean": 0.4623033952950574,
          "std": 0.0020385984855107947
        },
        "dq": {
          "mean": 0.5980504161998493,
          "std": 0.002803463929951285
        },
        "sq": {
          "mean": 0.7682368395019582,
          "std": 0.0007715402782909679
        }
      },
      "cell_types+": {
        "Miscellaneous": {
          "pq": {
            "mean": 0.34370422841133735,
            "std": 0.0048113787372341035
          },
          "dq": {
            "mean": 0.47545094255164316,
            "std": 0.0061771520915883575
          },
          "sq": {
            "mean": 0.7228924022229652,
            "std": 0.0010466611961883635
          }
        },
        "Inflammatory": {
          "pq": {
            "mean": 0.5667418616345117,
            "std": 0.012014932946174471
          },
          "dq": {
            "mean": 0.6849738623884872,
            "std": 0.016084824920044767
          },
          "sq": {
            "mean": 0.8274385502841828,
            "std": 0.002500371222579867
          }
        },
        "Epithelium": {
          "pq": {
            "mean": 0.5061072547490637,
            "std": 0.004910299234260805
          },
          "dq": {
            "mean": 0.6532351761344403,
            "std": 0.006261895035120259
          },
          "sq": {
            "mean": 0.7747695323801803,
            "std": 0.0002450154361101543
          }
        },
        "Spindle-Shaped": {
          "pq": {
            "mean": 0.43266023638531664,
            "std": 0.0015009572615696763
          },
          "dq": {
            "mean": 0.578541683724827,
            "std": 0.0021274408257355663
          },
          "sq": {
            "mean": 0.7478468731205042,
            "std": 0.00027622361273720844
          }
        }
      }
    }
  }
}
