{
  "cellvit_scores": {
    "F1": {
      "mean": 0.7689866510773234,
      "std": 0.0
    },
    "Prec": {
      "mean": 0.873470412276981,
      "std": 1.1102230246251565e-16
    },
    "Rec": {
      "mean": 0.7004049116847819,
      "std": 0.0
    }
  },
  "classifier": {
    "global": {
      "F1": {
        "mean": 0.7185801863670349,
        "std": 0.013650072059596187
      },
      "Prec": {
        "mean": 0.7185801863670349,
        "std": 0.013650072059596187
      },
      "Rec": {
        "mean": 0.7185801863670349,
        "std": 0.013650072059596187
      },
      "Acc": {
        "mean": 0.7185801863670349,
        "std": 0.013650072059596187
      },
      "Auroc": {
        "mean": 0.9025655508041381,
        "std": 0.008647868903115944
      },
      "AP": {
        "mean": 0.5676205039024353,
        "std": 0.01789192993285426
      }
    }
  },
  "pipeline": {
    "detection_scores_tia": {
      "binary": {
        "f1": {
          "mean": 0.7758908170196999,
          "std": 0.0
        },
        "prec": {
          "mean": 0.7004125320548557,
          "std": 0.0
        },
        "rec": {
          "mean": 0.8696013289036545,
          "std": 0.0
        }
      },
      "cell_types": {
        "tumor_nonMitotic": {
          "f1": {
            "mean": 0.650633825528358,
            "std": 0.00540255515681474
          },
          "prec": {
            "mean": 0.5740051302941571,
            "std": 0.014424921672712037
          },
          "rec": {
            "mean": 0.7517111635275484,
            "std": 0.015503312572671088
          }
        },
        "tumor_mitotic": {
          "f1": {
            "mean": 0.0792659832669084,
            "std": 0.030701128556983502
          },
          "prec": {
            "mean": 0.2665886287625418,
            "std": 0.12129620996001887
          },
          "rec": {
            "mean": 0.05265368879318348,
            "std": 0.026683657097131084
          }
        },
        "nonTILnonMQ_stromal": {
          "f1": {
            "mean": 0.38558093767830115,
            "std": 0.007071631917289157
          },
          "prec": {
            "mean": 0.3350947214773462,
            "std": 0.01807857937099476
          },
          "rec": {
            "mean": 0.4570180592427244,
            "std": 0.027343523735640588
          }
        },
        "macrophage": {
          "f1": {
            "mean": 0.11372534520262137,
            "std": 0.027286082539285158
          },
          "prec": {
            "mean": 0.17877602175369542,
            "std": 0.03879739413222227
          },
          "rec": {
            "mean": 0.09234850405917747,
            "std": 0.034290455314099993
          }
        },
        "lymphocyte": {
          "f1": {
            "mean": 0.4382463876732081,
            "std": 0.016730251792664748
          },
          "prec": {
            "mean": 0.34559916488739273,
            "std": 0.02020920852283934
          },
          "rec": {
            "mean": 0.6018963401234698,
            "std": 0.03484397064844961
          }
        },
        "plasma_cell": {
          "f1": {
            "mean": 0.2285497914579709,
            "std": 0.05218820042051022
          },
          "prec": {
            "mean": 0.3451666191858849,
            "std": 0.04256766690392059
          },
          "rec": {
            "mean": 0.17451252221682945,
            "std": 0.05252350475479616
          }
        },
        "other_nucleus": {
          "f1": {
            "mean": 0.37412606769358464,
            "std": 0.05988313424422365
          },
          "prec": {
            "mean": 0.6984199341370692,
            "std": 0.09706456692362313
          },
          "rec": {
            "mean": 0.27108007521940986,
            "std": 0.09122339637665829
          }
        }
      }
    },
    "scores_ocelot": {
      "Pre/tumor_nonMitotic": {
        "mean": 0.71402,
        "std": 0.01264237319493456
      },
      "Rec/tumor_nonMitotic": {
        "mean": 0.91304,
        "std": 0.010686926592804893
      },
      "F1/tumor_nonMitotic": {
        "mean": 0.8012,
        "std": 0.0043908996800200335
      },
      "Pre/tumor_mitotic": {
        "mean": 0.30198,
        "std": 0.10211631407370715
      },
      "Rec/tumor_mitotic": {
        "mean": 0.10002,
        "std": 0.052989636722664935
      },
      "F1/tumor_mitotic": {
        "mean": 0.13441999999999998,
        "std": 0.04896216498481251
      },
      "Pre/nonTILnonMQ_stromal": {
        "mean": 0.5978399999999999,
        "std": 0.02760707155784544
      },
      "Rec/nonTILnonMQ_stromal": {
        "mean": 0.8158999999999998,
        "std": 0.02334574907772291
      },
      "F1/nonTILnonMQ_stromal": {
        "mean": 0.68912,
        "std": 0.010151925925655692
      },
      "Pre/macrophage": {
        "mean": 0.32530000000000003,
        "std": 0.059550952973063315
      },
      "Rec/macrophage": {
        "mean": 0.21186000000000002,
        "std": 0.08854455601560153
      },
      "F1/macrophage": {
        "mean": 0.23935999999999996,
        "std": 0.05438182049177831
      },
      "Pre/lymphocyte": {
        "mean": 0.54478,
        "std": 0.03007632956329612
      },
      "Rec/lymphocyte": {
        "mean": 0.8707,
        "std": 0.016590961394687187
      },
      "F1/lymphocyte": {
        "mean": 0.66954,
        "std": 0.021609127701043396
      },
      "Pre/plasma_cell": {
        "mean": 0.71754,
        "std": 0.05859773374457411
      },
      "Rec/plasma_cell": {
        "mean": 0.48114,
        "std": 0.12146970980454343
      },
      "F1/plasma_cell": {
        "mean": 0.57004,
        "std": 0.10278199453211637
      },
      "Pre/other_nucleus": {
        "mean": 0.83748,
        "std": 0.07427083949976601
      },
      "Rec/other_nucleus": {
        "mean": 0.44580000000000003,
        "std": 0.12212069439697765
      },
      "F1/other_nucleus": {
        "mean": 0.56688,
        "std": 0.07275722369634509
      },
      "mF1": {
        "mean": 0.5243657142857143,
        "std": 0.025045950587197243
      }
    }
  }
}
