{
  "cellvit_scores": {
    "F1": {
      "mean": 0.7199688546647744,
      "std": 0.0
    },
    "Prec": {
      "mean": 0.7308653693945014,
      "std": 0.0
    },
    "Rec": {
      "mean": 0.7184194712020009,
      "std": 0.0
    }
  },
  "classifier": {
    "global": {
      "F1": {
        "mean": 0.8314989924430847,
        "std": 0.01471613269380273
      },
      "Prec": {
        "mean": 0.8314989924430847,
        "std": 0.01471613269380273
      },
      "Rec": {
        "mean": 0.8314989924430847,
        "std": 0.01471613269380273
      },
      "Acc": {
        "mean": 0.8314989924430847,
        "std": 0.01471613269380273
      },
      "Auroc": {
        "mean": 0.959722375869751,
        "std": 0.0038351202100365333
      },
      "AP": {
        "mean": 0.8753866910934448,
        "std": 0.03140517359748877
      }
    }
  },
  "pipeline": {
    "segmentation_scores": {
      "binary": {
        "dice": {
          "mean": 0.8077628670443969,
          "std": 0.0
        },
        "fast_aji": {
          "mean": 0.49259544772905456,
          "std": 0.0
        },
        "fast_aji_plus": {
          "mean": 0.5105929838289056,
          "std": 0.0
        }
      }
    },
    "detection_scores": {
      "binary": {
        "f1": {
          "mean": 0.7215543273887528,
          "std": 0.0
        },
        "prec": {
          "mean": 0.7213488266119845,
          "std": 0.0
        },
        "rec": {
          "mean": 0.721759945286675,
          "std": 0.0
        }
      },
      "cell_types": {
        "Miscellaneous": {
          "f1": {
            "mean": 0.3367686551729624,
            "std": 0.18405862294349765
          },
          "prec": {
            "mean": 0.645274535416158,
            "std": 0.0916053607148125
          },
          "rec": {
            "mean": 0.2493779106204282,
            "std": 0.16774452673028983
          }
        },
        "Inflammatory": {
          "f1": {
            "mean": 0.569810863262116,
            "std": 0.025900974284544718
          },
          "prec": {
            "mean": 0.634941729850597,
            "std": 0.04275868148020219
          },
          "rec": {
            "mean": 0.5253608947417385,
            "std": 0.06730391112364728
          }
        },
        "Epithelium": {
          "f1": {
            "mean": 0.5844263431724335,
            "std": 0.01079077155083865
          },
          "prec": {
            "mean": 0.5637909059431996,
            "std": 0.018674528295601553
          },
          "rec": {
            "mean": 0.6077183627694734,
            "std": 0.02180835840061612
          }
        },
        "Spindle-Shaped": {
          "f1": {
            "mean": 0.4946439016790675,
            "std": 0.006684235226421087
          },
          "prec": {
            "mean": 0.46457781270499465,
            "std": 0.030255961629530915
          },
          "rec": {
            "mean": 0.5330105557316274,
            "std": 0.03083767992020197
          }
        }
      }
    },
    "pq_scores": {
      "binary": {
        "pq": {
          "mean": 0.45119922773321486,
          "std": 0.0
        },
        "dq": {
          "mean": 0.6065304925806502,
          "std": 0.0
        },
        "sq": {
          "mean": 0.740919142923112,
          "std": 0.0
        }
      },
      "mean": {
        "pq": {
          "mean": 0.32337735870828277,
          "std": 0.006306457066689855
        },
        "dq": {
          "mean": 0.42385598108037303,
          "std": 0.008008962298089797
        },
        "sq": {
          "mean": 0.6600631817988678,
          "std": 0.011966600386444742
        }
      },
      "mean+": {
        "pq": {
          "mean": 0.3703943814861767,
          "std": 0.02337998561648737
        },
        "dq": {
          "mean": 0.48786163105457503,
          "std": 0.032850156582304675
        },
        "sq": {
          "mean": 0.7500434910301379,
          "std": 0.0015228828877269366
        }
      },
      "cell_types+": {
        "Miscellaneous": {
          "pq": {
            "mean": 0.2165990627620075,
            "std": 0.09219557479645502
          },
          "dq": {
            "mean": 0.30154980178283247,
            "std": 0.12981379189253864
          },
          "sq": {
            "mean": 0.7197485281833396,
            "std": 0.004672330526389165
          }
        },
        "Inflammatory": {
          "pq": {
            "mean": 0.5500263260081383,
            "std": 0.013879223654948536
          },
          "dq": {
            "mean": 0.673422605954012,
            "std": 0.01857568241619766
          },
          "sq": {
            "mean": 0.8168171765010296,
            "std": 0.002323053076575229
          }
        },
        "Epithelium": {
          "pq": {
            "mean": 0.3763318706566766,
            "std": 0.004151878181760644
          },
          "dq": {
            "mean": 0.5078442501205019,
            "std": 0.0054916901487825414
          },
          "sq": {
            "mean": 0.7410363061333824,
            "std": 0.00048450204984674846
          }
        },
        "Spindle-Shaped": {
          "pq": {
            "mean": 0.3386202665178844,
            "std": 0.0031788118282849416
          },
          "dq": {
            "mean": 0.46862986636095344,
            "std": 0.004153463105248912
          },
          "sq": {
            "mean": 0.7225719533028003,
            "std": 0.0007093619255306848
          }
        }
      }
    }
  }
}
