{
  "Global F1 Score": {
    "mean": 0.8359782695770264,
    "sd": 0.0032146004499482954
  },
  "Global Precision": {
    "mean": 0.7762745022773743,
    "sd": 0.008451537813635104
  },
  "Global Recall": {
    "mean": 0.9057514309883118,
    "sd": 0.004704406750600222
  },
  "Global Accuracy": {
    "mean": 0.806035828590393,
    "sd": 0.005334947913817225
  },
  "Global AUROC": {
    "mean": 0.8924694299697876,
    "sd": 0.003295379928703977
  },
  "BC Precision": {
    "mean": 0.55718,
    "sd": 0.0018015548839821717
  },
  "BC Recall": {
    "mean": 0.57804,
    "sd": 0.01369154483613882
  },
  "BC F1 Score": {
    "mean": 0.5673,
    "sd": 0.00611849654735542
  },
  "TC Precision": {
    "mean": 0.5531,
    "sd": 0.006167333297301205
  },
  "TC Recall": {
    "mean": 0.7113799999999999,
    "sd": 0.0034113926774852698
  },
  "TC F1 Score": {
    "mean": 0.6223000000000001,
    "sd": 0.0028092703679069336
  },
  "Mean F1 Score": {
    "mean": 0.5948,
    "sd": 0.004443197047172199
  }
}
