{
  "cellvit_scores": {
    "F1": {
      "mean": 0.7787618479052221,
      "std": 0.0
    },
    "Prec": {
      "mean": 0.7666388097812087,
      "std": 0.0
    },
    "Rec": {
      "mean": 0.7974664137768235,
      "std": 0.0
    }
  },
  "classifier": {
    "global": {
      "F1": {
        "mean": 0.8647337198257447,
        "std": 0.01760705082641334
      },
      "Prec": {
        "mean": 0.8647337198257447,
        "std": 0.01760705082641334
      },
      "Rec": {
        "mean": 0.8647337198257447,
        "std": 0.01760705082641334
      },
      "Acc": {
        "mean": 0.8647337198257447,
        "std": 0.01760705082641334
      },
      "Auroc": {
        "mean": 0.9737093806266784,
        "std": 0.0018837587946223453
      },
      "AP": {
        "mean": 0.9189068794250488,
        "std": 0.011984479038066629
      }
    }
  },
  "pipeline": {
    "segmentation_scores": {
      "binary": {
        "dice": {
          "mean": 0.8447450118001756,
          "std": 0.0
        },
        "fast_aji": {
          "mean": 0.5776229057377051,
          "std": 0.0
        },
        "fast_aji_plus": {
          "mean": 0.6080960594268857,
          "std": 0.0
        }
      }
    },
    "detection_scores": {
      "binary": {
        "f1": {
          "mean": 0.7724769578575155,
          "std": 0.0
        },
        "prec": {
          "mean": 0.7859164897381458,
          "std": 0.0
        },
        "rec": {
          "mean": 0.7594893423002393,
          "std": 0.0
        }
      },
      "cell_types": {
        "Miscellaneous": {
          "f1": {
            "mean": 0.3681488228673979,
            "std": 0.19600951373542286
          },
          "prec": {
            "mean": 0.7813568348053834,
            "std": 0.022437577948417463
          },
          "rec": {
            "mean": 0.2662874680023441,
            "std": 0.17084357111387669
          }
        },
        "Inflammatory": {
          "f1": {
            "mean": 0.5945660334090997,
            "std": 0.01718405143998792
          },
          "prec": {
            "mean": 0.6372328208474771,
            "std": 0.047483415096476626
          },
          "rec": {
            "mean": 0.5658091456858962,
            "std": 0.06009323705132927
          }
        },
        "Epithelium": {
          "f1": {
            "mean": 0.6693392791103742,
            "std": 0.020698050813262557
          },
          "prec": {
            "mean": 0.6315117121322806,
            "std": 0.0352299611778129
          },
          "rec": {
            "mean": 0.7131356526633381,
            "std": 0.007079817653841259
          }
        },
        "Spindle-Shaped": {
          "f1": {
            "mean": 0.5805592990867456,
            "std": 0.0027985989671465033
          },
          "prec": {
            "mean": 0.5827955332009789,
            "std": 0.02406428715924898
          },
          "rec": {
            "mean": 0.5803284344351424,
            "std": 0.024498978599595052
          }
        }
      }
    },
    "pq_scores": {
      "binary": {
        "pq": {
          "mean": 0.5481970297015736,
          "std": 0.0
        },
        "dq": {
          "mean": 0.7089749373687997,
          "std": 0.0
        },
        "sq": {
          "mean": 0.7711988905936644,
          "std": 0.0
        }
      },
      "mean": {
        "pq": {
          "mean": 0.39497353335434315,
          "std": 0.013170532624583352
        },
        "dq": {
          "mean": 0.5039792375566639,
          "std": 0.016327796564240857
        },
        "sq": {
          "mean": 0.6767689497291582,
          "std": 0.01623902682813482
        }
      },
      "mean+": {
        "pq": {
          "mean": 0.44183930991715875,
          "std": 0.030418172150151523
        },
        "dq": {
          "mean": 0.5693412515371647,
          "std": 0.041259753153539795
        },
        "sq": {
          "mean": 0.7670144986044349,
          "std": 0.0018289213894638115
        }
      },
      "cell_types+": {
        "Miscellaneous": {
          "pq": {
            "mean": 0.247325571812894,
            "std": 0.10696460577406233
          },
          "dq": {
            "mean": 0.342070925002258,
            "std": 0.14574465367819167
          },
          "sq": {
            "mean": 0.7198365938834385,
            "std": 0.007885191959363424
          }
        },
        "Inflammatory": {
          "pq": {
            "mean": 0.5874003152726561,
            "std": 0.006862326234943638
          },
          "dq": {
            "mean": 0.7115685809484957,
            "std": 0.008895762944034083
          },
          "sq": {
            "mean": 0.8255101369838,
            "std": 0.001444988052168858
          }
        },
        "Epithelium": {
          "pq": {
            "mean": 0.5008222469658873,
            "std": 0.008177103317325136
          },
          "dq": {
            "mean": 0.6461565548231044,
            "std": 0.010637582743129176
          },
          "sq": {
            "mean": 0.7750805590180189,
            "std": 0.0002226318648548869
          }
        },
        "Spindle-Shaped": {
          "pq": {
            "mean": 0.43180910561719754,
            "std": 0.0021252999553477803
          },
          "dq": {
            "mean": 0.5775689453748012,
            "std": 0.0025874860501053374
          },
          "sq": {
            "mean": 0.7476307045324821,
            "std": 0.0004253603278718517
          }
        }
      }
    }
  }
}
