{
  "Global F1 Score": {
    "mean": 0.849392318725586,
    "sd": 0.00454953456589586
  },
  "Global Precision": {
    "mean": 0.7994590997695923,
    "sd": 0.00722638541012662
  },
  "Global Recall": {
    "mean": 0.9060955286026001,
    "sd": 0.008958421475265117
  },
  "Global Accuracy": {
    "mean": 0.8199319124221802,
    "sd": 0.005628475842220376
  },
  "Global AUROC": {
    "mean": 0.9040212750434875,
    "sd": 0.004413712782816709
  },
  "BC Precision": {
    "mean": 0.6504000000000001,
    "sd": 0.010087616170334802
  },
  "BC Recall": {
    "mean": 0.59802,
    "sd": 0.012470028067330087
  },
  "BC F1 Score": {
    "mean": 0.623,
    "sd": 0.007618136255016706
  },
  "TC Precision": {
    "mean": 0.7000599999999999,
    "sd": 0.007084236020912895
  },
  "TC Recall": {
    "mean": 0.7322,
    "sd": 0.007788966555326842
  },
  "TC F1 Score": {
    "mean": 0.7157199999999999,
    "sd": 0.0035963314641451038
  },
  "Mean F1 Score": {
    "mean": 0.66936,
    "sd": 0.005342508773975024
  }
}
