{
  "Global F1 Score": {
    "mean": 0.8370818138122559,
    "sd": 0.0024402947104477696
  },
  "Global Precision": {
    "mean": 0.8001121997833252,
    "sd": 0.011826107204432966
  },
  "Global Recall": {
    "mean": 0.8779664278030396,
    "sd": 0.011016035687501683
  },
  "Global Accuracy": {
    "mean": 0.8094007015228272,
    "sd": 0.004906684960600265
  },
  "Global AUROC": {
    "mean": 0.8891908049583435,
    "sd": 0.0027398166623052206
  },
  "BC Precision": {
    "mean": 0.56308,
    "sd": 0.005313153489219026
  },
  "BC Recall": {
    "mean": 0.62588,
    "sd": 0.019891143757964243
  },
  "BC F1 Score": {
    "mean": 0.5925800000000001,
    "sd": 0.006615255097122088
  },
  "TC Precision": {
    "mean": 0.6058,
    "sd": 0.009879878541763547
  },
  "TC Recall": {
    "mean": 0.7335200000000001,
    "sd": 0.008775283471204785
  },
  "TC F1 Score": {
    "mean": 0.6634599999999999,
    "sd": 0.002849982456086366
  },
  "Mean F1 Score": {
    "mean": 0.62802,
    "sd": 0.0045590130510890095
  }
}
