{
  "Global F1 Score": {
    "mean": 0.8353595852851867,
    "sd": 0.0016364932830053782
  },
  "Global Precision": {
    "mean": 0.7623850107192993,
    "sd": 0.0039993904479673475
  },
  "Global Recall": {
    "mean": 0.9238258481025696,
    "sd": 0.004317315520022003
  },
  "Global Accuracy": {
    "mean": 0.7986065506935119,
    "sd": 0.0025472797373703488
  },
  "Global AUROC": {
    "mean": 0.8803462028503418,
    "sd": 0.002650020032865234
  },
  "BC Precision": {
    "mean": 0.6214999999999999,
    "sd": 0.002784959604733975
  },
  "BC Recall": {
    "mean": 0.56294,
    "sd": 0.007776014403278844
  },
  "BC F1 Score": {
    "mean": 0.59072,
    "sd": 0.0035818431009747146
  },
  "TC Precision": {
    "mean": 0.62388,
    "sd": 0.003268271714530455
  },
  "TC Recall": {
    "mean": 0.78292,
    "sd": 0.0037727443592165074
  },
  "TC F1 Score": {
    "mean": 0.6944,
    "sd": 0.0014724129855444718
  },
  "Mean F1 Score": {
    "mean": 0.64256,
    "sd": 0.0023713709115193325
  }
}
