{
  "Global F1 Score": {
    "mean": 0.8319775462150574,
    "sd": 0.0018118446821778504
  },
  "Global Precision": {
    "mean": 0.7822225570678711,
    "sd": 0.007536587654762782
  },
  "Global Recall": {
    "mean": 0.8886413812637329,
    "sd": 0.007573579018922318
  },
  "Global Accuracy": {
    "mean": 0.8041398406028748,
    "sd": 0.003455979642935092
  },
  "Global AUROC": {
    "mean": 0.8842670679092407,
    "sd": 0.001326200510193439
  },
  "BC Precision": {
    "mean": 0.54812,
    "sd": 0.0018015548839821576
  },
  "BC Recall": {
    "mean": 0.59066,
    "sd": 0.012231533019209024
  },
  "BC F1 Score": {
    "mean": 0.5685399999999999,
    "sd": 0.0047902400774908985
  },
  "TC Precision": {
    "mean": 0.55668,
    "sd": 0.004213027415054414
  },
  "TC Recall": {
    "mean": 0.69926,
    "sd": 0.005919662152521887
  },
  "TC F1 Score": {
    "mean": 0.61986,
    "sd": 0.0015982490419205776
  },
  "Mean F1 Score": {
    "mean": 0.5942000000000001,
    "sd": 0.0026838405317753103
  }
}
