{
  "Global F1 Score": {
    "mean": 0.8280031323432923,
    "sd": 0.0029690912259555274
  },
  "Global Precision": {
    "mean": 0.7404077529907227,
    "sd": 0.008547785715121093
  },
  "Global Recall": {
    "mean": 0.9392961859703064,
    "sd": 0.007465586850669633
  },
  "Global Accuracy": {
    "mean": 0.7812771320343017,
    "sd": 0.005825601071707792
  },
  "Global AUROC": {
    "mean": 0.867118752002716,
    "sd": 0.003842218915139383
  },
  "BC Precision": {
    "mean": 0.68104,
    "sd": 0.0067984115791852465
  },
  "BC Recall": {
    "mean": 0.48628,
    "sd": 0.018320633176830983
  },
  "BC F1 Score": {
    "mean": 0.56714,
    "sd": 0.010251555979459879
  },
  "TC Precision": {
    "mean": 0.6337400000000001,
    "sd": 0.008963615342036931
  },
  "TC Recall": {
    "mean": 0.75976,
    "sd": 0.006063530324819035
  },
  "TC F1 Score": {
    "mean": 0.69096,
    "sd": 0.0035808378907736167
  },
  "Mean F1 Score": {
    "mean": 0.6290500000000001,
    "sd": 0.006506996234822943
  }
}
