{
  "Global F1 Score": {
    "mean": 0.8309600830078125,
    "sd": 0.004420470969232606
  },
  "Global Precision": {
    "mean": 0.7736939430236817,
    "sd": 0.014018386748884407
  },
  "Global Recall": {
    "mean": 0.8977503299713134,
    "sd": 0.008778388179251919
  },
  "Global Accuracy": {
    "mean": 0.8006137490272522,
    "sd": 0.00802241074611483
  },
  "Global AUROC": {
    "mean": 0.8829163908958435,
    "sd": 0.002857156127255597
  },
  "BC Precision": {
    "mean": 0.55068,
    "sd": 0.0030380256746775497
  },
  "BC Recall": {
    "mean": 0.57536,
    "sd": 0.023829611830661446
  },
  "BC F1 Score": {
    "mean": 0.56246,
    "sd": 0.0102124629742291
  },
  "TC Precision": {
    "mean": 0.55084,
    "sd": 0.009950999949753795
  },
  "TC Recall": {
    "mean": 0.7050799999999999,
    "sd": 0.0069858141973573986
  },
  "TC F1 Score": {
    "mean": 0.6183799999999999,
    "sd": 0.003679891302742515
  },
  "Mean F1 Score": {
    "mean": 0.59042,
    "sd": 0.006916617670509183
  }
}
