{
  "cellvit_scores": {
    "F1": {
      "mean": 0.7246903314124955,
      "std": 0.0
    },
    "Prec": {
      "mean": 0.7235353137454336,
      "std": 0.0
    },
    "Rec": {
      "mean": 0.7353835425449101,
      "std": 0.0
    }
  },
  "classifier": {
    "global": {
      "F1": {
        "mean": 0.8421813607215881,
        "std": 0.013643105418844677
      },
      "Prec": {
        "mean": 0.8421813607215881,
        "std": 0.013643105418844677
      },
      "Rec": {
        "mean": 0.8421813607215881,
        "std": 0.013643105418844677
      },
      "Acc": {
        "mean": 0.8421813607215881,
        "std": 0.013643105418844677
      },
      "Auroc": {
        "mean": 0.9563119173049927,
        "std": 0.00849799130220232
      },
      "AP": {
        "mean": 0.8565942406654358,
        "std": 0.049299683827126045
      }
    }
  },
  "pipeline": {
    "segmentation_scores": {
      "binary": {
        "dice": {
          "mean": 0.811279201305261,
          "std": 0.0
        },
        "fast_aji": {
          "mean": 0.49344780097417285,
          "std": 0.0
        },
        "fast_aji_plus": {
          "mean": 0.5129783551740996,
          "std": 0.0
        }
      }
    },
    "detection_scores": {
      "binary": {
        "f1": {
          "mean": 0.7170643906404227,
          "std": 0.0
        },
        "prec": {
          "mean": 0.7307692307692307,
          "std": 0.0
        },
        "rec": {
          "mean": 0.7038641285763136,
          "std": 0.0
        }
      },
      "cell_types": {
        "Miscellaneous": {
          "f1": {
            "mean": 0.25855428512161777,
            "std": 0.15979255245519705
          },
          "prec": {
            "mean": 0.6656370952045371,
            "std": 0.10593967853317415
          },
          "rec": {
            "mean": 0.17665883390253062,
            "std": 0.12429764435617317
          }
        },
        "Inflammatory": {
          "f1": {
            "mean": 0.5646576148018239,
            "std": 0.025567184611373903
          },
          "prec": {
            "mean": 0.5888479318432449,
            "std": 0.06702487453746875
          },
          "rec": {
            "mean": 0.5606343793896155,
            "std": 0.08479678859201029
          }
        },
        "Epithelium": {
          "f1": {
            "mean": 0.5913737854631564,
            "std": 0.007792775219679804
          },
          "prec": {
            "mean": 0.5673996517692876,
            "std": 0.023842839252689093
          },
          "rec": {
            "mean": 0.6190145517960208,
            "std": 0.018791963953106887
          }
        },
        "Spindle-Shaped": {
          "f1": {
            "mean": 0.5137265159191057,
            "std": 0.005006269971469283
          },
          "prec": {
            "mean": 0.5194225858858564,
            "std": 0.03936491499529073
          },
          "rec": {
            "mean": 0.514750287635527,
            "std": 0.044536734674358765
          }
        }
      }
    },
    "pq_scores": {
      "binary": {
        "pq": {
          "mean": 0.45662421883028975,
          "std": 0.0
        },
        "dq": {
          "mean": 0.611864136222193,
          "std": 0.0
        },
        "sq": {
          "mean": 0.7432955062862815,
          "std": 0.0
        }
      },
      "mean": {
        "pq": {
          "mean": 0.32711005936558546,
          "std": 0.006559364427899052
        },
        "dq": {
          "mean": 0.431277464874179,
          "std": 0.008132067594146869
        },
        "sq": {
          "mean": 0.6734407685811514,
          "std": 0.007290373714510384
        }
      },
      "mean+": {
        "pq": {
          "mean": 0.36442472525521663,
          "std": 0.02532176402326969
        },
        "dq": {
          "mean": 0.4817500339803503,
          "std": 0.034832431213534944
        },
        "sq": {
          "mean": 0.7475753519388931,
          "std": 0.002494669093305015
        }
      },
      "cell_types+": {
        "Miscellaneous": {
          "pq": {
            "mean": 0.17185854765565203,
            "std": 0.09142386851609084
          },
          "dq": {
            "mean": 0.2389883315448063,
            "std": 0.12625893054801185
          },
          "sq": {
            "mean": 0.7205274602077999,
            "std": 0.011109281877637584
          }
        },
        "Inflammatory": {
          "pq": {
            "mean": 0.5409147711632062,
            "std": 0.013553270630499228
          },
          "dq": {
            "mean": 0.6676528455834065,
            "std": 0.01772888782642999
          },
          "sq": {
            "mean": 0.8102063430302613,
            "std": 0.001277980086704799
          }
        },
        "Epithelium": {
          "pq": {
            "mean": 0.3949578630392613,
            "std": 0.002861523631258678
          },
          "dq": {
            "mean": 0.5373906019770682,
            "std": 0.0037209476847732733
          },
          "sq": {
            "mean": 0.7349533639563213,
            "std": 0.00046484311797525266
          }
        },
        "Spindle-Shaped": {
          "pq": {
            "mean": 0.34996771916274716,
            "std": 0.0030120337381186126
          },
          "dq": {
            "mean": 0.48296835681612027,
            "std": 0.0038150153766233303
          },
          "sq": {
            "mean": 0.7246142405611898,
            "std": 0.0005363578773569134
          }
        }
      }
    }
  }
}
