{
  "cellvit_scores": {
    "F1": {
      "mean": 0.7246903314124955,
      "std": 0.0
    },
    "Prec": {
      "mean": 0.7235353137454336,
      "std": 0.0
    },
    "Rec": {
      "mean": 0.7353835425449101,
      "std": 0.0
    }
  },
  "classifier": {
    "global": {
      "F1": {
        "mean": 0.8431557416915894,
        "std": 0.0136838139828862
      },
      "Prec": {
        "mean": 0.8431557416915894,
        "std": 0.0136838139828862
      },
      "Rec": {
        "mean": 0.8431557416915894,
        "std": 0.0136838139828862
      },
      "Acc": {
        "mean": 0.8431557416915894,
        "std": 0.0136838139828862
      },
      "Auroc": {
        "mean": 0.9501391410827636,
        "std": 0.015220512087235474
      },
      "AP": {
        "mean": 0.838851797580719,
        "std": 0.053799221095333506
      }
    }
  },
  "pipeline": {
    "segmentation_scores": {
      "binary": {
        "dice": {
          "mean": 0.811279201305261,
          "std": 0.0
        },
        "fast_aji": {
          "mean": 0.49344780097417285,
          "std": 0.0
        },
        "fast_aji_plus": {
          "mean": 0.5129783551740996,
          "std": 0.0
        }
      }
    },
    "detection_scores": {
      "binary": {
        "f1": {
          "mean": 0.7170643906404227,
          "std": 0.0
        },
        "prec": {
          "mean": 0.7307692307692307,
          "std": 0.0
        },
        "rec": {
          "mean": 0.7038641285763136,
          "std": 0.0
        }
      },
      "cell_types": {
        "Miscellaneous": {
          "f1": {
            "mean": 0.22185039195918516,
            "std": 0.12294155610583213
          },
          "prec": {
            "mean": 0.6402357210690545,
            "std": 0.12168980955367797
          },
          "rec": {
            "mean": 0.14044573371344177,
            "std": 0.0807759767020516
          }
        },
        "Inflammatory": {
          "f1": {
            "mean": 0.5611037245880665,
            "std": 0.0189952412376405
          },
          "prec": {
            "mean": 0.5229762883057615,
            "std": 0.05103072119193019
          },
          "rec": {
            "mean": 0.6172131357376072,
            "std": 0.06139501636321257
          }
        },
        "Epithelium": {
          "f1": {
            "mean": 0.597027604728817,
            "std": 0.003760103650974513
          },
          "prec": {
            "mean": 0.5760820488137381,
            "std": 0.010667925970042782
          },
          "rec": {
            "mean": 0.6200943964192713,
            "std": 0.014768138479582934
          }
        },
        "Spindle-Shaped": {
          "f1": {
            "mean": 0.5161087302548292,
            "std": 0.012559993533867176
          },
          "prec": {
            "mean": 0.5428557496316075,
            "std": 0.016857200137655723
          },
          "rec": {
            "mean": 0.4931395112204721,
            "std": 0.026462670808187663
          }
        }
      }
    },
    "pq_scores": {
      "binary": {
        "pq": {
          "mean": 0.45662421883028975,
          "std": 0.0
        },
        "dq": {
          "mean": 0.611864136222193,
          "std": 0.0
        },
        "sq": {
          "mean": 0.7432955062862815,
          "std": 0.0
        }
      },
      "mean": {
        "pq": {
          "mean": 0.33065611954962315,
          "std": 0.01294389889801719
        },
        "dq": {
          "mean": 0.4360303833625417,
          "std": 0.01641771734965594
        },
        "sq": {
          "mean": 0.6748203560134233,
          "std": 0.018067120296811096
        }
      },
      "mean+": {
        "pq": {
          "mean": 0.3587178377803839,
          "std": 0.02318119925267584
        },
        "dq": {
          "mean": 0.47412389428073276,
          "std": 0.03195964275156162
        },
        "sq": {
          "mean": 0.7500255107307771,
          "std": 0.007274693637307539
        }
      },
      "cell_types+": {
        "Miscellaneous": {
          "pq": {
            "mean": 0.15086922579590614,
            "std": 0.07582956765075995
          },
          "dq": {
            "mean": 0.21072516637249264,
            "std": 0.10651332384421953
          },
          "sq": {
            "mean": 0.7298720166146357,
            "std": 0.03015769713373492
          }
        },
        "Inflammatory": {
          "pq": {
            "mean": 0.5362510640045282,
            "std": 0.010222423341720195
          },
          "dq": {
            "mean": 0.6618940640142572,
            "std": 0.012701119079710521
          },
          "sq": {
            "mean": 0.8101797254944522,
            "std": 0.0014595986015803009
          }
        },
        "Epithelium": {
          "pq": {
            "mean": 0.39689479888140516,
            "std": 0.002039097162420147
          },
          "dq": {
            "mean": 0.5398114175551203,
            "std": 0.0029757089421225498
          },
          "sq": {
            "mean": 0.7352487609298308,
            "std": 0.0004799850109805632
          }
        },
        "Spindle-Shaped": {
          "pq": {
            "mean": 0.35085626243969625,
            "std": 0.007326616616933887
          },
          "dq": {
            "mean": 0.48406492918106075,
            "std": 0.009749785989728298
          },
          "sq": {
            "mean": 0.7248015398841889,
            "std": 0.0007487642125358517
          }
        }
      }
    }
  }
}
