{
  "cellvit_scores": {
    "F1": {
      "mean": 0.7787618479052221,
      "std": 0.0
    },
    "Prec": {
      "mean": 0.7666388097812087,
      "std": 0.0
    },
    "Rec": {
      "mean": 0.7974664137768235,
      "std": 0.0
    }
  },
  "classifier": {
    "global": {
      "F1": {
        "mean": 0.8793787002563477,
        "std": 0.005129182669619852
      },
      "Prec": {
        "mean": 0.8793787002563477,
        "std": 0.005129182669619852
      },
      "Rec": {
        "mean": 0.8793787002563477,
        "std": 0.005129182669619852
      },
      "Acc": {
        "mean": 0.8793787002563477,
        "std": 0.005129182669619852
      },
      "Auroc": {
        "mean": 0.9721458315849304,
        "std": 0.0013125334077930325
      },
      "AP": {
        "mean": 0.9260050773620605,
        "std": 0.0018535187693416862
      }
    }
  },
  "pipeline": {
    "segmentation_scores": {
      "binary": {
        "dice": {
          "mean": 0.8447450118001756,
          "std": 0.0
        },
        "fast_aji": {
          "mean": 0.5776229057377051,
          "std": 0.0
        },
        "fast_aji_plus": {
          "mean": 0.6080960594268857,
          "std": 0.0
        }
      }
    },
    "detection_scores": {
      "binary": {
        "f1": {
          "mean": 0.7724769578575155,
          "std": 0.0
        },
        "prec": {
          "mean": 0.7859164897381458,
          "std": 0.0
        },
        "rec": {
          "mean": 0.7594893423002393,
          "std": 0.0
        }
      },
      "cell_types": {
        "Miscellaneous": {
          "f1": {
            "mean": 0.5764707864845626,
            "std": 0.005882629939885919
          },
          "prec": {
            "mean": 0.8230184766622897,
            "std": 0.037916627803910356
          },
          "rec": {
            "mean": 0.444531560845267,
            "std": 0.015034437677874837
          }
        },
        "Inflammatory": {
          "f1": {
            "mean": 0.5778617229014235,
            "std": 0.024862560401214175
          },
          "prec": {
            "mean": 0.6926189904564308,
            "std": 0.035922215004737024
          },
          "rec": {
            "mean": 0.5007745458117769,
            "std": 0.05237297225141385
          }
        },
        "Epithelium": {
          "f1": {
            "mean": 0.6907325774007529,
            "std": 0.0018894469904228112
          },
          "prec": {
            "mean": 0.66956196726569,
            "std": 0.0072819136957018174
          },
          "rec": {
            "mean": 0.7134565104529884,
            "std": 0.008103372145712903
          }
        },
        "Spindle-Shaped": {
          "f1": {
            "mean": 0.5854558547478863,
            "std": 0.004151342077094667
          },
          "prec": {
            "mean": 0.5609576473614752,
            "std": 0.02113259826597952
          },
          "rec": {
            "mean": 0.6138007443895388,
            "std": 0.020877484792395925
          }
        }
      }
    },
    "pq_scores": {
      "binary": {
        "pq": {
          "mean": 0.5481970297015736,
          "std": 0.0
        },
        "dq": {
          "mean": 0.7089749373687997,
          "std": 0.0
        },
        "sq": {
          "mean": 0.7711988905936644,
          "std": 0.0
        }
      },
      "mean": {
        "pq": {
          "mean": 0.4004131992368083,
          "std": 0.006888769440880654
        },
        "dq": {
          "mean": 0.5114035294706353,
          "std": 0.009080668713951414
        },
        "sq": {
          "mean": 0.6749884315470505,
          "std": 0.011572385432803723
        }
      },
      "mean+": {
        "pq": {
          "mean": 0.4698908727076991,
          "std": 0.0042039924858394495
        },
        "dq": {
          "mean": 0.6080299323972994,
          "std": 0.005597414728092645
        },
        "sq": {
          "mean": 0.7680557803705501,
          "std": 0.0007020438175084511
        }
      },
      "cell_types+": {
        "Miscellaneous": {
          "pq": {
            "mean": 0.3557766554199759,
            "std": 0.0021495802600177325
          },
          "dq": {
            "mean": 0.4917198148697285,
            "std": 0.0026504477843882967
          },
          "sq": {
            "mean": 0.7235337220371665,
            "std": 0.001256671568516859
          }
        },
        "Inflammatory": {
          "pq": {
            "mean": 0.5804191017470856,
            "std": 0.015166883536911419
          },
          "dq": {
            "mean": 0.7027345404014989,
            "std": 0.01995626188926167
          },
          "sq": {
            "mean": 0.825998394704019,
            "std": 0.0020474492273037954
          }
        },
        "Epithelium": {
          "pq": {
            "mean": 0.5098653833912115,
            "std": 0.0008996007806096218
          },
          "dq": {
            "mean": 0.6577362205827508,
            "std": 0.0012847566883188082
          },
          "sq": {
            "mean": 0.7751826282309343,
            "std": 0.0005538004026723068
          }
        },
        "Spindle-Shaped": {
          "pq": {
            "mean": 0.4335023502725237,
            "std": 0.0018868512426600448
          },
          "dq": {
            "mean": 0.5799291537352192,
            "std": 0.0023728614997235377
          },
          "sq": {
            "mean": 0.7475083765100798,
            "std": 0.00027136765875706106
          }
        }
      }
    }
  }
}
