{
  "cellvit_scores": {
    "F1": {
      "mean": 0.7787618479052221,
      "std": 0.0
    },
    "Prec": {
      "mean": 0.7666388097812087,
      "std": 0.0
    },
    "Rec": {
      "mean": 0.7974664137768235,
      "std": 0.0
    }
  },
  "classifier": {
    "global": {
      "F1": {
        "mean": 0.87517751455307,
        "std": 0.005164745297021197
      },
      "Prec": {
        "mean": 0.87517751455307,
        "std": 0.005164745297021197
      },
      "Rec": {
        "mean": 0.87517751455307,
        "std": 0.005164745297021197
      },
      "Acc": {
        "mean": 0.87517751455307,
        "std": 0.005164745297021197
      },
      "Auroc": {
        "mean": 0.970986270904541,
        "std": 0.0009294116894515194
      },
      "AP": {
        "mean": 0.922164237499237,
        "std": 0.0018107427328360372
      }
    }
  },
  "pipeline": {
    "segmentation_scores": {
      "binary": {
        "dice": {
          "mean": 0.8447450118001756,
          "std": 0.0
        },
        "fast_aji": {
          "mean": 0.5776229057377051,
          "std": 0.0
        },
        "fast_aji_plus": {
          "mean": 0.6080960594268857,
          "std": 0.0
        }
      }
    },
    "detection_scores": {
      "binary": {
        "f1": {
          "mean": 0.7724769578575155,
          "std": 0.0
        },
        "prec": {
          "mean": 0.7859164897381458,
          "std": 0.0
        },
        "rec": {
          "mean": 0.7594893423002393,
          "std": 0.0
        }
      },
      "cell_types": {
        "Miscellaneous": {
          "f1": {
            "mean": 0.5689046170383505,
            "std": 0.015093248210281983
          },
          "prec": {
            "mean": 0.8054460937167516,
            "std": 0.018206049282550884
          },
          "rec": {
            "mean": 0.44009974094045934,
            "std": 0.017389827337809943
          }
        },
        "Inflammatory": {
          "f1": {
            "mean": 0.5670575209868696,
            "std": 0.029898369104393935
          },
          "prec": {
            "mean": 0.665229685309077,
            "std": 0.04977442450870933
          },
          "rec": {
            "mean": 0.5045273936072838,
            "std": 0.07295918993243282
          }
        },
        "Epithelium": {
          "f1": {
            "mean": 0.6920043226967698,
            "std": 0.0021845347507937307
          },
          "prec": {
            "mean": 0.668530271325235,
            "std": 0.0099306568385918
          },
          "rec": {
            "mean": 0.7174099749572609,
            "std": 0.007083088416337712
          }
        },
        "Spindle-Shaped": {
          "f1": {
            "mean": 0.5791991064882296,
            "std": 0.004073170316344942
          },
          "prec": {
            "mean": 0.5634947688762472,
            "std": 0.02785303918574047
          },
          "rec": {
            "mean": 0.598932427521293,
            "std": 0.031092665221586758
          }
        }
      }
    },
    "pq_scores": {
      "binary": {
        "pq": {
          "mean": 0.5481970297015736,
          "std": 0.0
        },
        "dq": {
          "mean": 0.7089749373687997,
          "std": 0.0
        },
        "sq": {
          "mean": 0.7711988905936644,
          "std": 0.0
        }
      },
      "mean": {
        "pq": {
          "mean": 0.3954142365221046,
          "std": 0.005601720724236613
        },
        "dq": {
          "mean": 0.5045297747072122,
          "std": 0.007259604441442588
        },
        "sq": {
          "mean": 0.670633158144189,
          "std": 0.01570444648907841
        }
      },
      "mean+": {
        "pq": {
          "mean": 0.4664711469099335,
          "std": 0.003997059554919092
        },
        "dq": {
          "mean": 0.6038213752905571,
          "std": 0.005152610699154168
        },
        "sq": {
          "mean": 0.7678714685611064,
          "std": 0.0006993258174944314
        }
      },
      "cell_types+": {
        "Miscellaneous": {
          "pq": {
            "mean": 0.35291906114412336,
            "std": 0.006282989647421806
          },
          "dq": {
            "mean": 0.4886626220970173,
            "std": 0.008136828533054252
          },
          "sq": {
            "mean": 0.7222002231216511,
            "std": 0.0008814441551800342
          }
        },
        "Inflammatory": {
          "pq": {
            "mean": 0.5716295744740718,
            "std": 0.01751640763214038
          },
          "dq": {
            "mean": 0.6920656835715346,
            "std": 0.02273255495252175
          },
          "sq": {
            "mean": 0.826037529502813,
            "std": 0.0020116580620781837
          }
        },
        "Epithelium": {
          "pq": {
            "mean": 0.5097163417867361,
            "std": 0.0011500693725696655
          },
          "dq": {
            "mean": 0.6579002896962359,
            "std": 0.001329457732837063
          },
          "sq": {
            "mean": 0.7747619431404111,
            "std": 0.0002236427150096531
          }
        },
        "Spindle-Shaped": {
          "pq": {
            "mean": 0.43161961023480266,
            "std": 0.0023001849338806155
          },
          "dq": {
            "mean": 0.5766569057974403,
            "std": 0.0031003773529066957
          },
          "sq": {
            "mean": 0.7484861784795507,
            "std": 0.00011160781993130482
          }
        }
      }
    }
  }
}
