{
  "cellvit_scores": {
    "F1": {
      "mean": 0.7787618479052221,
      "std": 0.0
    },
    "Prec": {
      "mean": 0.7666388097812087,
      "std": 0.0
    },
    "Rec": {
      "mean": 0.7974664137768235,
      "std": 0.0
    }
  },
  "classifier": {
    "global": {
      "F1": {
        "mean": 0.7530473470687866,
        "std": 0.022805565629649003
      },
      "Prec": {
        "mean": 0.7530473470687866,
        "std": 0.022805565629649003
      },
      "Rec": {
        "mean": 0.7530473470687866,
        "std": 0.022805565629649003
      },
      "Acc": {
        "mean": 0.7530473470687866,
        "std": 0.022805565629649003
      },
      "Auroc": {
        "mean": 0.9505120992660523,
        "std": 0.004690850403973998
      },
      "AP": {
        "mean": 0.8765069365501403,
        "std": 0.0076324374199693195
      }
    }
  },
  "pipeline": {
    "segmentation_scores": {
      "binary": {
        "dice": {
          "mean": 0.8447450118001756,
          "std": 0.0
        },
        "fast_aji": {
          "mean": 0.5776229057377051,
          "std": 0.0
        },
        "fast_aji_plus": {
          "mean": 0.6080960594268857,
          "std": 0.0
        }
      }
    },
    "detection_scores": {
      "binary": {
        "f1": {
          "mean": 0.7724769578575155,
          "std": 0.0
        },
        "prec": {
          "mean": 0.7859164897381458,
          "std": 0.0
        },
        "rec": {
          "mean": 0.7594893423002393,
          "std": 0.0
        }
      },
      "cell_types": {
        "Miscellaneous": {
          "f1": {
            "mean": 0.4906575913054387,
            "std": 0.050762747451607956
          },
          "prec": {
            "mean": 0.5312268354723816,
            "std": 0.1304646092372751
          },
          "rec": {
            "mean": 0.46964455133607147,
            "std": 0.011000546756571897
          }
        },
        "Inflammatory": {
          "f1": {
            "mean": 0.17189189038535718,
            "std": 0.09168175192627695
          },
          "prec": {
            "mean": 0.8119630915803491,
            "std": 0.041333810625809056
          },
          "rec": {
            "mean": 0.10054155332829237,
            "std": 0.05927035658698433
          }
        },
        "Epithelium": {
          "f1": {
            "mean": 0.6237214522336594,
            "std": 0.02555933975449756
          },
          "prec": {
            "mean": 0.6769403413197812,
            "std": 0.019037769705169544
          },
          "rec": {
            "mean": 0.5793047229915844,
            "std": 0.03811846879479905
          }
        },
        "Spindle-Shaped": {
          "f1": {
            "mean": 0.49657014113980313,
            "std": 0.02142751448523546
          },
          "prec": {
            "mean": 0.38872828812450566,
            "std": 0.03054553941232938
          },
          "rec": {
            "mean": 0.6916373063648099,
            "std": 0.01755823902917443
          }
        }
      }
    },
    "pq_scores": {
      "binary": {
        "pq": {
          "mean": 0.5481970297015736,
          "std": 0.0
        },
        "dq": {
          "mean": 0.7089749373687997,
          "std": 0.0
        },
        "sq": {
          "mean": 0.7711988905936644,
          "std": 0.0
        }
      },
      "mean": {
        "pq": {
          "mean": 0.3005647576665031,
          "std": 0.03597541960919471
        },
        "dq": {
          "mean": 0.38777592579909526,
          "std": 0.04419183202950558
        },
        "sq": {
          "mean": 0.6502401217739783,
          "std": 0.03238246151294707
        }
      },
      "mean+": {
        "pq": {
          "mean": 0.35715261217052824,
          "std": 0.025795082330960974
        },
        "dq": {
          "mean": 0.46629470004623635,
          "std": 0.030625487352927475
        },
        "sq": {
          "mean": 0.7726939301878619,
          "std": 0.0007994464668436352
        }
      },
      "cell_types+": {
        "Miscellaneous": {
          "pq": {
            "mean": 0.3221498786592786,
            "std": 0.020204570009251466
          },
          "dq": {
            "mean": 0.4440155735365144,
            "std": 0.02797054007982225
          },
          "sq": {
            "mean": 0.7255497410266896,
            "std": 0.0003176777388351062
          }
        },
        "Inflammatory": {
          "pq": {
            "mean": 0.23498086557569894,
            "std": 0.11069754692659102
          },
          "dq": {
            "mean": 0.27987304565051374,
            "std": 0.13236916686539044
          },
          "sq": {
            "mean": 0.8403649975530245,
            "std": 0.002390956292444245
          }
        },
        "Epithelium": {
          "pq": {
            "mean": 0.4791625053654024,
            "std": 0.012992942005296602
          },
          "dq": {
            "mean": 0.6168501104282742,
            "std": 0.01665293266261927
          },
          "sq": {
            "mean": 0.7767868885081656,
            "std": 0.0008532192965341246
          }
        },
        "Spindle-Shaped": {
          "pq": {
            "mean": 0.3923171990817328,
            "std": 0.010418598122615927
          },
          "dq": {
            "mean": 0.5244400705696431,
            "std": 0.014069233823987748
          },
          "sq": {
            "mean": 0.7480740936635679,
            "std": 0.00024651277641350505
          }
        }
      }
    }
  }
}
