{
  "cellvit_scores": {
    "F1": {
      "mean": 0.7787618479052221,
      "std": 0.0
    },
    "Prec": {
      "mean": 0.7666388097812087,
      "std": 0.0
    },
    "Rec": {
      "mean": 0.7974664137768235,
      "std": 0.0
    }
  },
  "classifier": {
    "global": {
      "F1": {
        "mean": 0.847278106212616,
        "std": 0.007946190205150224
      },
      "Prec": {
        "mean": 0.847278106212616,
        "std": 0.007946190205150224
      },
      "Rec": {
        "mean": 0.847278106212616,
        "std": 0.007946190205150224
      },
      "Acc": {
        "mean": 0.847278106212616,
        "std": 0.007946190205150224
      },
      "Auroc": {
        "mean": 0.9620278000831604,
        "std": 0.0015481247387936995
      },
      "AP": {
        "mean": 0.8953808069229126,
        "std": 0.005313396455649359
      }
    }
  },
  "pipeline": {
    "segmentation_scores": {
      "binary": {
        "dice": {
          "mean": 0.8447450118001756,
          "std": 0.0
        },
        "fast_aji": {
          "mean": 0.5776229057377051,
          "std": 0.0
        },
        "fast_aji_plus": {
          "mean": 0.6080960594268857,
          "std": 0.0
        }
      }
    },
    "detection_scores": {
      "binary": {
        "f1": {
          "mean": 0.7724769578575155,
          "std": 0.0
        },
        "prec": {
          "mean": 0.7859164897381458,
          "std": 0.0
        },
        "rec": {
          "mean": 0.7594893423002393,
          "std": 0.0
        }
      },
      "cell_types": {
        "Miscellaneous": {
          "f1": {
            "mean": 0.46895482334965194,
            "std": 0.023553461415110038
          },
          "prec": {
            "mean": 0.4636624658043383,
            "std": 0.048766850366631684
          },
          "rec": {
            "mean": 0.4786307071924728,
            "std": 0.015436592606295712
          }
        },
        "Inflammatory": {
          "f1": {
            "mean": 0.47562365602804757,
            "std": 0.032878203183326724
          },
          "prec": {
            "mean": 0.7033275037130124,
            "std": 0.03433471297265788
          },
          "rec": {
            "mean": 0.3632554356443407,
            "std": 0.05008638409215491
          }
        },
        "Epithelium": {
          "f1": {
            "mean": 0.6754888079724919,
            "std": 0.006290547243481837
          },
          "prec": {
            "mean": 0.6535081492568933,
            "std": 0.02018842224591406
          },
          "rec": {
            "mean": 0.699767984458173,
            "std": 0.011290246421540114
          }
        },
        "Spindle-Shaped": {
          "f1": {
            "mean": 0.5726307278993477,
            "std": 0.002156593799317024
          },
          "prec": {
            "mean": 0.5369346159489778,
            "std": 0.01559891899505989
          },
          "rec": {
            "mean": 0.6144112886051308,
            "std": 0.01614783549721923
          }
        }
      }
    },
    "pq_scores": {
      "binary": {
        "pq": {
          "mean": 0.5481970297015736,
          "std": 0.0
        },
        "dq": {
          "mean": 0.7089749373687997,
          "std": 0.0
        },
        "sq": {
          "mean": 0.7711988905936644,
          "std": 0.0
        }
      },
      "mean": {
        "pq": {
          "mean": 0.3657398330309928,
          "std": 0.005976148772308986
        },
        "dq": {
          "mean": 0.4681691661827122,
          "std": 0.007780072848187125
        },
        "sq": {
          "mean": 0.6757383271407715,
          "std": 0.005742399292221059
        }
      },
      "mean+": {
        "pq": {
          "mean": 0.4412064966113355,
          "std": 0.007425161807999077
        },
        "dq": {
          "mean": 0.5697373299722136,
          "std": 0.009753577428681702
        },
        "sq": {
          "mean": 0.7700134409493022,
          "std": 0.0007156821810381354
        }
      },
      "cell_types+": {
        "Miscellaneous": {
          "pq": {
            "mean": 0.3142973450857992,
            "std": 0.011531506630467979
          },
          "dq": {
            "mean": 0.434054354241888,
            "std": 0.01624763853409643
          },
          "sq": {
            "mean": 0.7241180243412317,
            "std": 0.0007805531043904834
          }
        },
        "Inflammatory": {
          "pq": {
            "mean": 0.5205207999042099,
            "std": 0.021481240867360786
          },
          "dq": {
            "mean": 0.624567688807581,
            "std": 0.027593435361943523
          },
          "sq": {
            "mean": 0.833511877549283,
            "std": 0.002668928828762884
          }
        },
        "Epithelium": {
          "pq": {
            "mean": 0.5028142449208881,
            "std": 0.0024222846992199543
          },
          "dq": {
            "mean": 0.648569407596176,
            "std": 0.00296229985937864
          },
          "sq": {
            "mean": 0.775265907379962,
            "std": 0.00047693258353347524
          }
        },
        "Spindle-Shaped": {
          "pq": {
            "mean": 0.4271935965344446,
            "std": 0.0016277728903994274
          },
          "dq": {
            "mean": 0.5717578692432089,
            "std": 0.00208296821578807
          },
          "sq": {
            "mean": 0.7471579545267316,
            "std": 0.0005324766144503785
          }
        }
      }
    }
  }
}
