{
  "Global F1 Score": {
    "mean": 0.8068069696426392,
    "sd": 0.0026303617619683824
  },
  "Global Precision": {
    "mean": 0.7111292600631713,
    "sd": 0.006396295314811954
  },
  "Global Recall": {
    "mean": 0.9323666214942932,
    "sd": 0.00733842382328371
  },
  "Global Accuracy": {
    "mean": 0.7539296388626099,
    "sd": 0.004906601979339409
  },
  "Global AUROC": {
    "mean": 0.8692257285118103,
    "sd": 0.0049086062221343355
  },
  "BC Precision": {
    "mean": 0.58288,
    "sd": 0.008889634413180338
  },
  "BC Recall": {
    "mean": 0.45084,
    "sd": 0.015184544774210372
  },
  "BC F1 Score": {
    "mean": 0.5082000000000001,
    "sd": 0.009400638276202312
  },
  "TC Precision": {
    "mean": 0.4829,
    "sd": 0.003942587982531279
  },
  "TC Recall": {
    "mean": 0.73878,
    "sd": 0.005794618192771657
  },
  "TC F1 Score": {
    "mean": 0.58402,
    "sd": 0.001767936650448769
  },
  "Mean F1 Score": {
    "mean": 0.54611,
    "sd": 0.005482280547363493
  }
}
