{
  "cellvit_scores": {
    "F1": {
      "mean": 0.752987561519492,
      "std": 0.0
    },
    "Prec": {
      "mean": 0.7192579660170626,
      "std": 0.0
    },
    "Rec": {
      "mean": 0.8023463524261114,
      "std": 0.0
    }
  },
  "classifier": {
    "global": {
      "F1": {
        "mean": 0.8243933081626892,
        "std": 0.023431189858009308
      },
      "Prec": {
        "mean": 0.8243933081626892,
        "std": 0.023431189858009308
      },
      "Rec": {
        "mean": 0.8243933081626892,
        "std": 0.023431189858009308
      },
      "Acc": {
        "mean": 0.8243933081626892,
        "std": 0.023431189858009308
      },
      "Auroc": {
        "mean": 0.9571331977844239,
        "std": 0.0065136272952083
      },
      "AP": {
        "mean": 0.8759124040603637,
        "std": 0.03662705491818287
      }
    }
  },
  "pipeline": {
    "segmentation_scores": {
      "binary": {
        "dice": {
          "mean": 0.8154575208341812,
          "std": 1.1102230246251565e-16
        },
        "fast_aji": {
          "mean": 0.5265532039038359,
          "std": 0.0
        },
        "fast_aji_plus": {
          "mean": 0.555673917659244,
          "std": 0.0
        }
      }
    },
    "detection_scores": {
      "binary": {
        "f1": {
          "mean": 0.7524953678799833,
          "std": 0.0
        },
        "prec": {
          "mean": 0.791027896456396,
          "std": 0.0
        },
        "rec": {
          "mean": 0.717542459819902,
          "std": 0.0
        }
      },
      "cell_types": {
        "Miscellaneous": {
          "f1": {
            "mean": 0.3853055928378401,
            "std": 0.1833673873812879
          },
          "prec": {
            "mean": 0.7219885562567161,
            "std": 0.11411503528457823
          },
          "rec": {
            "mean": 0.277829537359261,
            "std": 0.13544572308430636
          }
        },
        "Inflammatory": {
          "f1": {
            "mean": 0.5228758428375312,
            "std": 0.05519940034058087
          },
          "prec": {
            "mean": 0.6067794708408972,
            "std": 0.020800885086437477
          },
          "rec": {
            "mean": 0.4660296411980166,
            "std": 0.08174195543490526
          }
        },
        "Epithelium": {
          "f1": {
            "mean": 0.6213826619016573,
            "std": 0.003357609204843297
          },
          "prec": {
            "mean": 0.6172856346471345,
            "std": 0.018254563394440974
          },
          "rec": {
            "mean": 0.6269507053079832,
            "std": 0.023536145265646884
          }
        },
        "Spindle-Shaped": {
          "f1": {
            "mean": 0.511941695167322,
            "std": 0.011325076844979293
          },
          "prec": {
            "mean": 0.5106868562891911,
            "std": 0.046342598337174315
          },
          "rec": {
            "mean": 0.5190433038641735,
            "std": 0.03180573778607406
          }
        }
      }
    },
    "pq_scores": {
      "binary": {
        "pq": {
          "mean": 0.5042446982216731,
          "std": 0.0
        },
        "dq": {
          "mean": 0.6629713871593949,
          "std": 0.0
        },
        "sq": {
          "mean": 0.7582776387833832,
          "std": 0.0
        }
      },
      "mean": {
        "pq": {
          "mean": 0.3438656785564548,
          "std": 0.013631534800814046
        },
        "dq": {
          "mean": 0.44653417411606827,
          "std": 0.017025826382760692
        },
        "sq": {
          "mean": 0.6634787420384051,
          "std": 0.006805376284790905
        }
      },
      "mean+": {
        "pq": {
          "mean": 0.39766060067004666,
          "std": 0.03900927691881505
        },
        "dq": {
          "mean": 0.5189980127069205,
          "std": 0.05264938357645869
        },
        "sq": {
          "mean": 0.760616121754602,
          "std": 0.0014942890913138664
        }
      },
      "cell_types+": {
        "Miscellaneous": {
          "pq": {
            "mean": 0.2525619306495903,
            "std": 0.11882104166270661
          },
          "dq": {
            "mean": 0.3460778854337495,
            "std": 0.16296177202415751
          },
          "sq": {
            "mean": 0.7312750434678754,
            "std": 0.0037285604152367765
          }
        },
        "Inflammatory": {
          "pq": {
            "mean": 0.5217968455094413,
            "std": 0.035791775689708025
          },
          "dq": {
            "mean": 0.6385011966683691,
            "std": 0.0453047169115961
          },
          "sq": {
            "mean": 0.817371580265919,
            "std": 0.002217122860861272
          }
        },
        "Epithelium": {
          "pq": {
            "mean": 0.4505625287250064,
            "std": 0.002646438661011963
          },
          "dq": {
            "mean": 0.5942582582033149,
            "std": 0.003249844970178173
          },
          "sq": {
            "mean": 0.7581915111661041,
            "std": 0.00044180775385822075
          }
        },
        "Spindle-Shaped": {
          "pq": {
            "mean": 0.36572109779614864,
            "std": 0.0047306927467162365
          },
          "dq": {
            "mean": 0.49715471052224824,
            "std": 0.0063180890163613045
          },
          "sq": {
            "mean": 0.7356263521185097,
            "std": 0.0005142775807324006
          }
        }
      }
    }
  }
}
