{
  "Global F1 Score": {
    "mean": 0.8685492515563965,
    "sd": 0.00038033284075074413
  },
  "Global Precision": {
    "mean": 0.817982017993927,
    "sd": 0.004239485462726165
  },
  "Global Recall": {
    "mean": 0.9258362889289856,
    "sd": 0.005088198879911608
  },
  "Global Accuracy": {
    "mean": 0.8437262535095215,
    "sd": 0.0011583104029412115
  },
  "Global AUROC": {
    "mean": 0.9199907898902893,
    "sd": 0.0009360603072008064
  },
  "BC Precision": {
    "mean": 0.59108,
    "sd": 0.003823820079449325
  },
  "BC Recall": {
    "mean": 0.63856,
    "sd": 0.008264284603037353
  },
  "BC F1 Score": {
    "mean": 0.61386,
    "sd": 0.002501679435899025
  },
  "TC Precision": {
    "mean": 0.6248999999999999,
    "sd": 0.004094874845462311
  },
  "TC Recall": {
    "mean": 0.7716000000000001,
    "sd": 0.004305810028322181
  },
  "TC F1 Score": {
    "mean": 0.69052,
    "sd": 0.0008280096617793893
  },
  "Mean F1 Score": {
    "mean": 0.65219,
    "sd": 0.0015431785379534265
  }
}
