{
  "pipeline": {
    "segmentation_scores": {
      "binary": {
        "dice": {
          "mean": 0.7740535045818687,
          "std": 0.0035202841137219974
        },
        "fast_aji": {
          "mean": 0.5544050822412173,
          "std": 0.0030836341812674876
        },
        "fast_aji_plus": {
          "mean": 0.5669191737502027,
          "std": 0.0035109781453271493
        }
      }
    },
    "detection_scores": {
      "binary": {
        "f1": {
          "mean": 0.8034417403629986,
          "std": 0.01544027366953896
        },
        "prec": {
          "mean": 0.7417256043924092,
          "std": 0.009674169013597666
        },
        "rec": {
          "mean": 0.876542028017242,
          "std": 0.024983206124271698
        }
      },
      "cell_types": {
        "Neutrophil": {
          "f1": {
            "mean": 0.15580054408743116,
            "std": 0.04215415417323186
          },
          "prec": {
            "mean": 0.14897415143165707,
            "std": 0.038579713382114356
          },
          "rec": {
            "mean": 0.17195091327267778,
            "std": 0.05826705491334334
          }
        },
        "Epithelial": {
          "f1": {
            "mean": 0.7526519574870285,
            "std": 0.012100990559640017
          },
          "prec": {
            "mean": 0.7276800670634412,
            "std": 0.0024184572077451364
          },
          "rec": {
            "mean": 0.7799891342529423,
            "std": 0.027620350573331235
          }
        },
        "Lymphocyte": {
          "f1": {
            "mean": 0.5351163891543258,
            "std": 0.017794987014380027
          },
          "prec": {
            "mean": 0.4831665815658763,
            "std": 0.022092892625173444
          },
          "rec": {
            "mean": 0.600589116030729,
            "std": 0.022937533446233588
          }
        },
        "Plasma": {
          "f1": {
            "mean": 0.27662200340978477,
            "std": 0.009127841350763326
          },
          "prec": {
            "mean": 0.2647042553330571,
            "std": 0.024173022939468176
          },
          "rec": {
            "mean": 0.2947465711028145,
            "std": 0.03138593359221123
          }
        },
        "Eosinophil": {
          "f1": {
            "mean": 0.21784934660507024,
            "std": 0.006618750918133958
          },
          "prec": {
            "mean": 0.24217524027705872,
            "std": 0.015129939139649804
          },
          "rec": {
            "mean": 0.19830632104810386,
            "std": 0.0035471715790573503
          }
        },
        "Connective tissue": {
          "f1": {
            "mean": 0.523830249035028,
            "std": 0.015005755964429036
          },
          "prec": {
            "mean": 0.4672772379227039,
            "std": 0.015212522451553986
          },
          "rec": {
            "mean": 0.5960232487738456,
            "std": 0.014910382737050436
          }
        }
      }
    },
    "pq_scores": {
      "binary": {
        "pq": {
          "mean": 0.5363776938324573,
          "std": 0.008726353472712405
        },
        "dq": {
          "mean": 0.7187894787302881,
          "std": 0.011683581772084829
        },
        "sq": {
          "mean": 0.7451997618556105,
          "std": 0.0019753316283170025
        }
      },
      "mean": {
        "pq": {
          "mean": 0.2936797811042278,
          "std": 0.0023944819718441607
        },
        "dq": {
          "mean": 0.394489260052388,
          "std": 0.003258115607245028
        },
        "sq": {
          "mean": 0.6194489399484944,
          "std": 0.0071593130458610784
        }
      },
      "mean+": {
        "pq": {
          "mean": 0.30792415037210624,
          "std": 0.006208709622821124
        },
        "dq": {
          "mean": 0.41690076309148455,
          "std": 0.005314947338013777
        },
        "sq": {
          "mean": 0.7255464170524307,
          "std": 0.008286119567582337
        }
      },
      "cell_types+": {
        "Neutrophil": {
          "pq": {
            "mean": 0.10187697270837125,
            "std": 0.024036572322197265
          },
          "dq": {
            "mean": 0.14437946148192293,
            "std": 0.03290823742321654
          },
          "sq": {
            "mean": 0.7044235490982684,
            "std": 0.005599261453073882
          }
        },
        "Epithelial": {
          "pq": {
            "mean": 0.5306199486566404,
            "std": 0.0016114577159009951
          },
          "dq": {
            "mean": 0.7008335143795611,
            "std": 0.0037312059558982395
          },
          "sq": {
            "mean": 0.757136241260063,
            "std": 0.0017497138963331093
          }
        },
        "Lymphocyte": {
          "pq": {
            "mean": 0.44372684991327,
            "std": 0.028032520492159766
          },
          "dq": {
            "mean": 0.6134911275118478,
            "std": 0.022953142533134158
          },
          "sq": {
            "mean": 0.7225823092227514,
            "std": 0.018802325809030167
          }
        },
        "Plasma": {
          "pq": {
            "mean": 0.26046202086870995,
            "std": 0.015726356567417374
          },
          "dq": {
            "mean": 0.3524863058087473,
            "std": 0.01624771399354359
          },
          "sq": {
            "mean": 0.7385400105061714,
            "std": 0.017052138608090715
          }
        },
        "Eosinophil": {
          "pq": {
            "mean": 0.09848111506717205,
            "std": 0.0028374329984894252
          },
          "dq": {
            "mean": 0.14659456401286233,
            "std": 0.003920602445776409
          },
          "sq": {
            "mean": 0.6719899008555469,
            "std": 0.01754243616164135
          }
        },
        "Connective tissue": {
          "pq": {
            "mean": 0.41237799501847366,
            "std": 0.010160181510778165
          },
          "dq": {
            "mean": 0.5436196053539657,
            "std": 0.014040556668454872
          },
          "sq": {
            "mean": 0.758606491371783,
            "std": 0.0026764909643462965
          }
        }
      }
    }
  }
}
