{
  "cellvit_scores": {
    "F1": {
      "mean": 0.7787618479052221,
      "std": 0.0
    },
    "Prec": {
      "mean": 0.7666388097812087,
      "std": 0.0
    },
    "Rec": {
      "mean": 0.7974664137768235,
      "std": 0.0
    }
  },
  "classifier": {
    "global": {
      "F1": {
        "mean": 0.8660354971885681,
        "std": 0.008951658535835773
      },
      "Prec": {
        "mean": 0.8660354971885681,
        "std": 0.008951658535835773
      },
      "Rec": {
        "mean": 0.8660354971885681,
        "std": 0.008951658535835773
      },
      "Acc": {
        "mean": 0.8660354971885681,
        "std": 0.008951658535835773
      },
      "Auroc": {
        "mean": 0.967433226108551,
        "std": 0.0010653209039740133
      },
      "AP": {
        "mean": 0.9118075013160706,
        "std": 0.004525232732417188
      }
    }
  },
  "pipeline": {
    "segmentation_scores": {
      "binary": {
        "dice": {
          "mean": 0.8447450118001756,
          "std": 0.0
        },
        "fast_aji": {
          "mean": 0.5776229057377051,
          "std": 0.0
        },
        "fast_aji_plus": {
          "mean": 0.6080960594268857,
          "std": 0.0
        }
      }
    },
    "detection_scores": {
      "binary": {
        "f1": {
          "mean": 0.7724769578575155,
          "std": 0.0
        },
        "prec": {
          "mean": 0.7859164897381458,
          "std": 0.0
        },
        "rec": {
          "mean": 0.7594893423002393,
          "std": 0.0
        }
      },
      "cell_types": {
        "Miscellaneous": {
          "f1": {
            "mean": 0.5471735503631928,
            "std": 0.02353225966641505
          },
          "prec": {
            "mean": 0.7450270086744422,
            "std": 0.0559329212567108
          },
          "rec": {
            "mean": 0.4347999227574709,
            "std": 0.03156979125634812
          }
        },
        "Inflammatory": {
          "f1": {
            "mean": 0.5470467168880584,
            "std": 0.02292330212414925
          },
          "prec": {
            "mean": 0.67122520977682,
            "std": 0.051056543510655285
          },
          "rec": {
            "mean": 0.4692156829516939,
            "std": 0.05840208849131539
          }
        },
        "Epithelium": {
          "f1": {
            "mean": 0.6757011921705413,
            "std": 0.01662694249062258
          },
          "prec": {
            "mean": 0.6432713642036052,
            "std": 0.032799651792650826
          },
          "rec": {
            "mean": 0.7128128041258333,
            "std": 0.0056175423168917165
          }
        },
        "Spindle-Shaped": {
          "f1": {
            "mean": 0.5778155682312207,
            "std": 0.008433781984264931
          },
          "prec": {
            "mean": 0.5642402528929802,
            "std": 0.030704997900732365
          },
          "rec": {
            "mean": 0.5969719996199221,
            "std": 0.04304957987188959
          }
        }
      }
    },
    "pq_scores": {
      "binary": {
        "pq": {
          "mean": 0.5481970297015736,
          "std": 0.0
        },
        "dq": {
          "mean": 0.7089749373687997,
          "std": 0.0
        },
        "sq": {
          "mean": 0.7711988905936644,
          "std": 0.0
        }
      },
      "mean": {
        "pq": {
          "mean": 0.395742445426822,
          "std": 0.004891220233701427
        },
        "dq": {
          "mean": 0.5058017080310314,
          "std": 0.0063627911649991944
        },
        "sq": {
          "mean": 0.6747042259502065,
          "std": 0.008271042874818692
        }
      },
      "mean+": {
        "pq": {
          "mean": 0.45984176513575453,
          "std": 0.004933466642819668
        },
        "dq": {
          "mean": 0.595032504993777,
          "std": 0.006507878574144563
        },
        "sq": {
          "mean": 0.7681419917987918,
          "std": 0.0008019060423551389
        }
      },
      "cell_types+": {
        "Miscellaneous": {
          "pq": {
            "mean": 0.34422942533643386,
            "std": 0.009776855272335192
          },
          "dq": {
            "mean": 0.4760135315101799,
            "std": 0.013077988312929351
          },
          "sq": {
            "mean": 0.7231316779650143,
            "std": 0.0008175304020678131
          }
        },
        "Inflammatory": {
          "pq": {
            "mean": 0.561854338143972,
            "std": 0.013149687151729877
          },
          "dq": {
            "mean": 0.6791067215471742,
            "std": 0.01746473231021097
          },
          "sq": {
            "mean": 0.8273924115065233,
            "std": 0.002035466995980445
          }
        },
        "Epithelium": {
          "pq": {
            "mean": 0.5034776055887059,
            "std": 0.0070277383441808075
          },
          "dq": {
            "mean": 0.6499194943752865,
            "std": 0.008923173086360332
          },
          "sq": {
            "mean": 0.7746744459224331,
            "std": 0.0003134344747186706
          }
        },
        "Spindle-Shaped": {
          "pq": {
            "mean": 0.42980569147390646,
            "std": 0.003968507096990786
          },
          "dq": {
            "mean": 0.5750902725424679,
            "std": 0.0051816727180036826
          },
          "sq": {
            "mean": 0.7473694318011967,
            "std": 0.0004675790103083672
          }
        }
      }
    }
  }
}
