{
  "Global F1 Score": {
    "mean": 0.8652268052101135,
    "sd": 0.0030476792660733758
  },
  "Global Precision": {
    "mean": 0.8212695956230164,
    "sd": 0.003395814518398984
  },
  "Global Recall": {
    "mean": 0.9142246961593627,
    "sd": 0.008324563550287425
  },
  "Global Accuracy": {
    "mean": 0.8411974906921387,
    "sd": 0.0030013676824352173
  },
  "Global AUROC": {
    "mean": 0.9174344420433045,
    "sd": 0.006889356920422271
  },
  "BC Precision": {
    "mean": 0.5826,
    "sd": 0.004306274491947744
  },
  "BC Recall": {
    "mean": 0.64774,
    "sd": 0.006883778032447011
  },
  "BC F1 Score": {
    "mean": 0.61342,
    "sd": 0.002188515478583606
  },
  "TC Precision": {
    "mean": 0.62946,
    "sd": 0.0028387321113483147
  },
  "TC Recall": {
    "mean": 0.76248,
    "sd": 0.0065107296058122465
  },
  "TC F1 Score": {
    "mean": 0.6895800000000001,
    "sd": 0.0023978323544401495
  },
  "Mean F1 Score": {
    "mean": 0.6515,
    "sd": 0.0019919839356781913
  }
}
