{
  "cellvit_scores": {
    "F1": {
      "mean": 0.7787618479052221,
      "std": 0.0
    },
    "Prec": {
      "mean": 0.7666388097812087,
      "std": 0.0
    },
    "Rec": {
      "mean": 0.7974664137768235,
      "std": 0.0
    }
  },
  "classifier": {
    "global": {
      "F1": {
        "mean": 0.8649999976158143,
        "std": 0.006261847845755043
      },
      "Prec": {
        "mean": 0.8649999976158143,
        "std": 0.006261847845755043
      },
      "Rec": {
        "mean": 0.8649999976158143,
        "std": 0.006261847845755043
      },
      "Acc": {
        "mean": 0.8649999976158143,
        "std": 0.006261847845755043
      },
      "Auroc": {
        "mean": 0.9650132656097412,
        "std": 0.0005612052467830477
      },
      "AP": {
        "mean": 0.9085464715957642,
        "std": 0.0018530341411407475
      }
    }
  },
  "pipeline": {
    "segmentation_scores": {
      "binary": {
        "dice": {
          "mean": 0.8447450118001756,
          "std": 0.0
        },
        "fast_aji": {
          "mean": 0.5776229057377051,
          "std": 0.0
        },
        "fast_aji_plus": {
          "mean": 0.6080960594268857,
          "std": 0.0
        }
      }
    },
    "detection_scores": {
      "binary": {
        "f1": {
          "mean": 0.7724769578575155,
          "std": 0.0
        },
        "prec": {
          "mean": 0.7859164897381458,
          "std": 0.0
        },
        "rec": {
          "mean": 0.7594893423002393,
          "std": 0.0
        }
      },
      "cell_types": {
        "Miscellaneous": {
          "f1": {
            "mean": 0.5477556524958135,
            "std": 0.01636799634572463
          },
          "prec": {
            "mean": 0.7411658985238748,
            "std": 0.06023118632240872
          },
          "rec": {
            "mean": 0.43728506446262577,
            "std": 0.027233228681856004
          }
        },
        "Inflammatory": {
          "f1": {
            "mean": 0.5426148683801327,
            "std": 0.03245560168899955
          },
          "prec": {
            "mean": 0.6857127245808616,
            "std": 0.03736566627242853
          },
          "rec": {
            "mean": 0.455840096880365,
            "std": 0.0648153759890703
          }
        },
        "Epithelium": {
          "f1": {
            "mean": 0.6794914148016338,
            "std": 0.00318293383151332
          },
          "prec": {
            "mean": 0.658371977001097,
            "std": 0.017906985652448373
          },
          "rec": {
            "mean": 0.7027683545305539,
            "std": 0.013094527349126714
          }
        },
        "Spindle-Shaped": {
          "f1": {
            "mean": 0.5756874174456438,
            "std": 0.0020095734795919514
          },
          "prec": {
            "mean": 0.546471302428033,
            "std": 0.029209100850887373
          },
          "rec": {
            "mean": 0.611721204277519,
            "std": 0.03119649398136974
          }
        }
      }
    },
    "pq_scores": {
      "binary": {
        "pq": {
          "mean": 0.5481970297015736,
          "std": 0.0
        },
        "dq": {
          "mean": 0.7089749373687997,
          "std": 0.0
        },
        "sq": {
          "mean": 0.7711988905936644,
          "std": 0.0
        }
      },
      "mean": {
        "pq": {
          "mean": 0.39228292875326276,
          "std": 0.007020392655732043
        },
        "dq": {
          "mean": 0.5011299217652654,
          "std": 0.009177215844960973
        },
        "sq": {
          "mean": 0.6717842783528798,
          "std": 0.011596809460105304
        }
      },
      "mean+": {
        "pq": {
          "mean": 0.4593232343191215,
          "std": 0.0057434109227155515
        },
        "dq": {
          "mean": 0.5942702110606133,
          "std": 0.008094023022078319
        },
        "sq": {
          "mean": 0.7682038857505372,
          "std": 0.0011761270076134569
        }
      },
      "cell_types+": {
        "Miscellaneous": {
          "pq": {
            "mean": 0.34325588682531116,
            "std": 0.0076650502253106335
          },
          "dq": {
            "mean": 0.47536222068130324,
            "std": 0.010496066532325286
          },
          "sq": {
            "mean": 0.7220898579729113,
            "std": 0.0010458198033802513
          }
        },
        "Inflammatory": {
          "pq": {
            "mean": 0.5608776298184589,
            "std": 0.017697468071935746
          },
          "dq": {
            "mean": 0.6770042513656898,
            "std": 0.024112784927650944
          },
          "sq": {
            "mean": 0.8285888464368367,
            "std": 0.0035159904245830906
          }
        },
        "Epithelium": {
          "pq": {
            "mean": 0.5049000773013965,
            "std": 0.002086894300120708
          },
          "dq": {
            "mean": 0.6518293411481552,
            "std": 0.002424513120851913
          },
          "sq": {
            "mean": 0.7745882062759698,
            "std": 0.0003851733078839976
          }
        },
        "Spindle-Shaped": {
          "pq": {
            "mean": 0.4282593433313191,
            "std": 0.0014127303027006983
          },
          "dq": {
            "mean": 0.5728850310473047,
            "std": 0.0018906811092603006
          },
          "sq": {
            "mean": 0.7475486323164309,
            "std": 0.00044295959209178834
          }
        }
      }
    }
  }
}
