{
  "Global F1 Score": {
    "mean": 0.8400211691856384,
    "sd": 0.00538926732044476
  },
  "Global Precision": {
    "mean": 0.7768939733505249,
    "sd": 0.009226210894249473
  },
  "Global Recall": {
    "mean": 0.9144323468208313,
    "sd": 0.006514070655074013
  },
  "Global Accuracy": {
    "mean": 0.8047775626182556,
    "sd": 0.0076355431501506175
  },
  "Global AUROC": {
    "mean": 0.8912651777267456,
    "sd": 0.00618880632219074
  },
  "BC Precision": {
    "mean": 0.64842,
    "sd": 0.003826957015697984
  },
  "BC Recall": {
    "mean": 0.5578999999999998,
    "sd": 0.016189255696294366
  },
  "BC F1 Score": {
    "mean": 0.59964,
    "sd": 0.009955621527559173
  },
  "TC Precision": {
    "mean": 0.67886,
    "sd": 0.009402255048657191
  },
  "TC Recall": {
    "mean": 0.74002,
    "sd": 0.0050976072818529235
  },
  "TC F1 Score": {
    "mean": 0.70808,
    "sd": 0.005280303021607738
  },
  "Mean F1 Score": {
    "mean": 0.65386,
    "sd": 0.007319658461977572
  }
}
