{
  "Global F1 Score": {
    "mean": 0.8099448680877686,
    "sd": 0.0014056901618233282
  },
  "Global Precision": {
    "mean": 0.7126690983772278,
    "sd": 0.003927010575039092
  },
  "Global Recall": {
    "mean": 0.9380165338516235,
    "sd": 0.0033426978804948332
  },
  "Global Accuracy": {
    "mean": 0.7565353274345398,
    "sd": 0.002995175128522723
  },
  "Global AUROC": {
    "mean": 0.8580181241035462,
    "sd": 0.000891272986527738
  },
  "BC Precision": {
    "mean": 0.63362,
    "sd": 0.0020113676938839455
  },
  "BC Recall": {
    "mean": 0.46507999999999994,
    "sd": 0.009026051185319094
  },
  "BC F1 Score": {
    "mean": 0.5363600000000001,
    "sd": 0.005507304240733392
  },
  "TC Precision": {
    "mean": 0.5744199999999999,
    "sd": 0.002998266165636423
  },
  "TC Recall": {
    "mean": 0.7944800000000001,
    "sd": 0.0028631451238105474
  },
  "TC F1 Score": {
    "mean": 0.66674,
    "sd": 0.0011774548823628047
  },
  "Mean F1 Score": {
    "mean": 0.6015499999999999,
    "sd": 0.003313155595501069
  }
}
