{
  "Global F1 Score": {
    "mean": 0.8352302670478821,
    "sd": 0.004255982434437596
  },
  "Global Precision": {
    "mean": 0.7568392872810363,
    "sd": 0.011034815101782789
  },
  "Global Recall": {
    "mean": 0.9319805860519409,
    "sd": 0.006983783636946861
  },
  "Global Accuracy": {
    "mean": 0.7992899775505066,
    "sd": 0.0075609083813886575
  },
  "Global AUROC": {
    "mean": 0.9007158875465393,
    "sd": 0.0024535361912028744
  },
  "BC Precision": {
    "mean": 0.5704999999999999,
    "sd": 0.001404279174523365
  },
  "BC Recall": {
    "mean": 0.5390999999999999,
    "sd": 0.020438982362143168
  },
  "BC F1 Score": {
    "mean": 0.5541400000000001,
    "sd": 0.010421823256993002
  },
  "TC Precision": {
    "mean": 0.54066,
    "sd": 0.007839030552306845
  },
  "TC Recall": {
    "mean": 0.73252,
    "sd": 0.004982529478086375
  },
  "TC F1 Score": {
    "mean": 0.62208,
    "sd": 0.0037584039165582117
  },
  "Mean F1 Score": {
    "mean": 0.58811,
    "sd": 0.006954811284283724
  }
}
