{
  "cellvit_scores": {
    "F1": {
      "mean": 0.7703041760251617,
      "std": 0.0
    },
    "Prec": {
      "mean": 0.8832641121519952,
      "std": 0.0
    },
    "Rec": {
      "mean": 0.695454830249982,
      "std": 0.0
    }
  },
  "classifier": {
    "global": {
      "F1": {
        "mean": 0.8303180813789368,
        "std": 0.015670791380852887
      },
      "Prec": {
        "mean": 0.8303180813789368,
        "std": 0.015670791380852887
      },
      "Rec": {
        "mean": 0.8303180813789368,
        "std": 0.015670791380852887
      },
      "Acc": {
        "mean": 0.8303180813789368,
        "std": 0.015670791380852887
      },
      "Auroc": {
        "mean": 0.8390850186347961,
        "std": 0.0342458400782245
      },
      "AP": {
        "mean": 0.6962875127792358,
        "std": 0.04459449264194723
      }
    }
  },
  "pipeline": {
    "detection_scores_tia": {
      "binary": {
        "f1": {
          "mean": 0.7757627741698321,
          "std": 0.0
        },
        "prec": {
          "mean": 0.6958672235656188,
          "std": 0.0
        },
        "rec": {
          "mean": 0.8763842746400886,
          "std": 0.0
        }
      },
      "cell_types": {
        "other": {
          "f1": {
            "mean": 0.6404169933947308,
            "std": 0.011694141444942536
          },
          "prec": {
            "mean": 0.5474958547518266,
            "std": 0.018313019632226073
          },
          "rec": {
            "mean": 0.7736439429943749,
            "std": 0.03742118394478728
          }
        },
        "plasma_cell": {
          "f1": {
            "mean": 0.16329697114052094,
            "std": 0.07184634150212472
          },
          "prec": {
            "mean": 0.2396599813094909,
            "std": 0.052003933084878724
          },
          "rec": {
            "mean": 0.1398610102553728,
            "std": 0.09071227554052812
          }
        }
      }
    },
    "scores_ocelot": {
      "Pre/other": {
        "mean": 0.7148,
        "std": 0.026295779128978083
      },
      "Rec/other": {
        "mean": 0.9679399999999999,
        "std": 0.012616116676695733
      },
      "F1/other": {
        "mean": 0.8219800000000002,
        "std": 0.016702023829464497
      },
      "Pre/plasma_cell": {
        "mean": 0.6414799999999999,
        "std": 0.11245751909054369
      },
      "Rec/plasma_cell": {
        "mean": 0.4321,
        "std": 0.19465528505540247
      },
      "F1/plasma_cell": {
        "mean": 0.48630000000000007,
        "std": 0.1343410585040925
      },
      "mF1": {
        "mean": 0.6541399999999999,
        "std": 0.07495171378961259
      }
    }
  }
}
