{
  "cellvit_scores": {
    "F1": {
      "mean": 0.7787618479052221,
      "std": 0.0
    },
    "Prec": {
      "mean": 0.7666388097812087,
      "std": 0.0
    },
    "Rec": {
      "mean": 0.7974664137768235,
      "std": 0.0
    }
  },
  "classifier": {
    "global": {
      "F1": {
        "mean": 0.8543195247650146,
        "std": 0.008248235030052127
      },
      "Prec": {
        "mean": 0.8543195247650146,
        "std": 0.008248235030052127
      },
      "Rec": {
        "mean": 0.8543195247650146,
        "std": 0.008248235030052127
      },
      "Acc": {
        "mean": 0.8543195247650146,
        "std": 0.008248235030052127
      },
      "Auroc": {
        "mean": 0.9640181064605713,
        "std": 0.0017706203607503461
      },
      "AP": {
        "mean": 0.9078986406326294,
        "std": 0.0017043399022779525
      }
    }
  },
  "pipeline": {
    "segmentation_scores": {
      "binary": {
        "dice": {
          "mean": 0.8447450118001756,
          "std": 0.0
        },
        "fast_aji": {
          "mean": 0.5776229057377051,
          "std": 0.0
        },
        "fast_aji_plus": {
          "mean": 0.6080960594268857,
          "std": 0.0
        }
      }
    },
    "detection_scores": {
      "binary": {
        "f1": {
          "mean": 0.7724769578575155,
          "std": 0.0
        },
        "prec": {
          "mean": 0.7859164897381458,
          "std": 0.0
        },
        "rec": {
          "mean": 0.7594893423002393,
          "std": 0.0
        }
      },
      "cell_types": {
        "Miscellaneous": {
          "f1": {
            "mean": 0.5465317150201988,
            "std": 0.020993757247848258
          },
          "prec": {
            "mean": 0.7354516124010974,
            "std": 0.06405226076300656
          },
          "rec": {
            "mean": 0.4396952578153027,
            "std": 0.03996315182939639
          }
        },
        "Inflammatory": {
          "f1": {
            "mean": 0.503653978615805,
            "std": 0.027847086648790917
          },
          "prec": {
            "mean": 0.7346536076096538,
            "std": 0.04001481745258168
          },
          "rec": {
            "mean": 0.3873233306556148,
            "std": 0.04750055675672116
          }
        },
        "Epithelium": {
          "f1": {
            "mean": 0.6760917539477289,
            "std": 0.004098745242058222
          },
          "prec": {
            "mean": 0.6717704597478,
            "std": 0.012540887108410814
          },
          "rec": {
            "mean": 0.6808323123529644,
            "std": 0.010835463750944359
          }
        },
        "Spindle-Shaped": {
          "f1": {
            "mean": 0.5671183020471618,
            "std": 0.0065134105577645965
          },
          "prec": {
            "mean": 0.5085464513235864,
            "std": 0.027115716914783525
          },
          "rec": {
            "mean": 0.6440193338707385,
            "std": 0.0254472071272936
          }
        }
      }
    },
    "pq_scores": {
      "binary": {
        "pq": {
          "mean": 0.5481970297015736,
          "std": 0.0
        },
        "dq": {
          "mean": 0.7089749373687997,
          "std": 0.0
        },
        "sq": {
          "mean": 0.7711988905936644,
          "std": 0.0
        }
      },
      "mean": {
        "pq": {
          "mean": 0.3797993700815609,
          "std": 0.003696050963734813
        },
        "dq": {
          "mean": 0.48553147866952456,
          "std": 0.004807678462488468
        },
        "sq": {
          "mean": 0.6625190977980975,
          "std": 0.008398337544945041
        }
      },
      "mean+": {
        "pq": {
          "mean": 0.45187850357559256,
          "std": 0.006526446177517445
        },
        "dq": {
          "mean": 0.5841426577017441,
          "std": 0.008551072823043687
        },
        "sq": {
          "mean": 0.7694321896836137,
          "std": 0.0005621434755307478
        }
      },
      "cell_types+": {
        "Miscellaneous": {
          "pq": {
            "mean": 0.3415854805978671,
            "std": 0.008080776454371203
          },
          "dq": {
            "mean": 0.47251657254193236,
            "std": 0.011303029179130786
          },
          "sq": {
            "mean": 0.7229128456293985,
            "std": 0.0012238497611189202
          }
        },
        "Inflammatory": {
          "pq": {
            "mean": 0.5367933242922895,
            "std": 0.017442419680777116
          },
          "dq": {
            "mean": 0.6452380970670508,
            "std": 0.02283014731720605
          },
          "sq": {
            "mean": 0.832014238790545,
            "std": 0.003142504667454475
          }
        },
        "Epithelium": {
          "pq": {
            "mean": 0.5040902798025887,
            "std": 0.0022455185042363794
          },
          "dq": {
            "mean": 0.6502768117258547,
            "std": 0.0029137223546043746
          },
          "sq": {
            "mean": 0.7751935721205999,
            "std": 0.00039028984564822006
          }
        },
        "Spindle-Shaped": {
          "pq": {
            "mean": 0.42504492960962476,
            "std": 0.002858071063255868
          },
          "dq": {
            "mean": 0.5685391494721385,
            "std": 0.0037202897211745024
          },
          "sq": {
            "mean": 0.7476081021939116,
            "std": 0.00039827941505684927
          }
        }
      }
    }
  }
}
