{
  "cellvit_scores": {
    "F1": {
      "mean": 0.7284005110898673,
      "std": 0.0
    },
    "Prec": {
      "mean": 0.709121389108423,
      "std": 0.0
    },
    "Rec": {
      "mean": 0.7582051584941027,
      "std": 0.0
    }
  },
  "classifier": {
    "global": {
      "F1": {
        "mean": 0.8175523281097412,
        "std": 0.018702581245917487
      },
      "Prec": {
        "mean": 0.8175523281097412,
        "std": 0.018702581245917487
      },
      "Rec": {
        "mean": 0.8175523281097412,
        "std": 0.018702581245917487
      },
      "Acc": {
        "mean": 0.8175523281097412,
        "std": 0.018702581245917487
      },
      "Auroc": {
        "mean": 0.9522154927253723,
        "std": 0.008710835212592805
      },
      "AP": {
        "mean": 0.8532508373260498,
        "std": 0.05235266353971214
      }
    }
  },
  "pipeline": {
    "segmentation_scores": {
      "binary": {
        "dice": {
          "mean": 0.8183275259284951,
          "std": 0.0
        },
        "fast_aji": {
          "mean": 0.5251523707129515,
          "std": 0.0
        },
        "fast_aji_plus": {
          "mean": 0.5521867988361312,
          "std": 0.0
        }
      }
    },
    "detection_scores": {
      "binary": {
        "f1": {
          "mean": 0.7195136347538661,
          "std": 0.0
        },
        "prec": {
          "mean": 0.7461133553678541,
          "std": 0.0
        },
        "rec": {
          "mean": 0.6947452410805882,
          "std": 0.0
        }
      },
      "cell_types": {
        "Miscellaneous": {
          "f1": {
            "mean": 0.27450641520763597,
            "std": 0.14232469135797332
          },
          "prec": {
            "mean": 0.6221252808073003,
            "std": 0.2573938140983695
          },
          "rec": {
            "mean": 0.17890117138621084,
            "std": 0.09498829714377593
          }
        },
        "Inflammatory": {
          "f1": {
            "mean": 0.5317590109000967,
            "std": 0.02978975924958408
          },
          "prec": {
            "mean": 0.6090733232509548,
            "std": 0.04638962769568143
          },
          "rec": {
            "mean": 0.4823204719698869,
            "std": 0.07210494177305898
          }
        },
        "Epithelium": {
          "f1": {
            "mean": 0.5798387735882915,
            "std": 0.010182835875849519
          },
          "prec": {
            "mean": 0.5862753298678237,
            "std": 0.009519421626882307
          },
          "rec": {
            "mean": 0.5736607672211513,
            "std": 0.013487851793816804
          }
        },
        "Spindle-Shaped": {
          "f1": {
            "mean": 0.48521581617550336,
            "std": 0.0109283373697844
          },
          "prec": {
            "mean": 0.4604748961589455,
            "std": 0.03125889232694646
          },
          "rec": {
            "mean": 0.5163148290947681,
            "std": 0.027212366087876975
          }
        }
      }
    },
    "pq_scores": {
      "binary": {
        "pq": {
          "mean": 0.4922004153930962,
          "std": 0.0
        },
        "dq": {
          "mean": 0.6492108964823046,
          "std": 0.0
        },
        "sq": {
          "mean": 0.7558080860227232,
          "std": 0.0
        }
      },
      "mean": {
        "pq": {
          "mean": 0.3423806166093821,
          "std": 0.009569608665009739
        },
        "dq": {
          "mean": 0.44598090196043677,
          "std": 0.012872304225646537
        },
        "sq": {
          "mean": 0.6615067232802189,
          "std": 0.017941133423075534
        }
      },
      "mean+": {
        "pq": {
          "mean": 0.3745006945458337,
          "std": 0.0276154908615546
        },
        "dq": {
          "mean": 0.48845755360045506,
          "std": 0.03819833842264128
        },
        "sq": {
          "mean": 0.7571030064065455,
          "std": 0.0020196416992953204
        }
      },
      "cell_types+": {
        "Miscellaneous": {
          "pq": {
            "mean": 0.19247602384534948,
            "std": 0.09684288894384664
          },
          "dq": {
            "mean": 0.2669189515718525,
            "std": 0.13465607434984975
          },
          "sq": {
            "mean": 0.7201049006243314,
            "std": 0.00627417309421642
          }
        },
        "Inflammatory": {
          "pq": {
            "mean": 0.5290602301401275,
            "std": 0.01985708780485334
          },
          "dq": {
            "mean": 0.6453596046234891,
            "std": 0.02482297217572345
          },
          "sq": {
            "mean": 0.8198217836265025,
            "std": 0.001039933895883265
          }
        },
        "Epithelium": {
          "pq": {
            "mean": 0.43090470567052,
            "std": 0.004064800193072512
          },
          "dq": {
            "mean": 0.5685671288810437,
            "std": 0.005860032083861925
          },
          "sq": {
            "mean": 0.7578853200485371,
            "std": 0.0008477141800275908
          }
        },
        "Spindle-Shaped": {
          "pq": {
            "mean": 0.3455618185273376,
            "std": 0.005702093399450083
          },
          "dq": {
            "mean": 0.47298452932543505,
            "std": 0.007853541773530754
          },
          "sq": {
            "mean": 0.7306000213268109,
            "std": 0.0005053828261447975
          }
        }
      }
    }
  }
}
