{
  "Global F1 Score": {
    "mean": 0.86427081823349,
    "sd": 0.0008914694855945347
  },
  "Global Precision": {
    "mean": 0.8253890991210937,
    "sd": 0.005487621152024301
  },
  "Global Recall": {
    "mean": 0.9071072816848755,
    "sd": 0.00785451765884531
  },
  "Global Accuracy": {
    "mean": 0.8411294460296631,
    "sd": 0.0009191562938070009
  },
  "Global AUROC": {
    "mean": 0.9185557246208191,
    "sd": 0.001711133174513519
  },
  "BC Precision": {
    "mean": 0.57918,
    "sd": 0.004156152066515366
  },
  "BC Recall": {
    "mean": 0.65628,
    "sd": 0.009921975609726135
  },
  "BC F1 Score": {
    "mean": 0.6152200000000001,
    "sd": 0.001982321870938217
  },
  "TC Precision": {
    "mean": 0.63258,
    "sd": 0.004652913066026458
  },
  "TC Recall": {
    "mean": 0.75612,
    "sd": 0.0066119286142547334
  },
  "TC F1 Score": {
    "mean": 0.68882,
    "sd": 0.0005418486873657545
  },
  "Mean F1 Score": {
    "mean": 0.6520199999999999,
    "sd": 0.0010735921013122177
  }
}
