{
  "Global F1 Score": {
    "mean": 0.8484040379524231,
    "sd": 0.0037228387039215578
  },
  "Global Precision": {
    "mean": 0.7730947852134704,
    "sd": 0.011114950084456614
  },
  "Global Recall": {
    "mean": 0.9402293801307678,
    "sd": 0.007637106097074325
  },
  "Global Accuracy": {
    "mean": 0.816595447063446,
    "sd": 0.006814188236687655
  },
  "Global AUROC": {
    "mean": 0.9171787977218628,
    "sd": 0.0013423112401367205
  },
  "BC Precision": {
    "mean": 0.58102,
    "sd": 0.004207802276723573
  },
  "BC Recall": {
    "mean": 0.5607399999999999,
    "sd": 0.019915983530822676
  },
  "BC F1 Score": {
    "mean": 0.57044,
    "sd": 0.008885628846626435
  },
  "TC Precision": {
    "mean": 0.5513600000000001,
    "sd": 0.007895720359789856
  },
  "TC Recall": {
    "mean": 0.7386600000000001,
    "sd": 0.005743378796492527
  },
  "TC F1 Score": {
    "mean": 0.63134,
    "sd": 0.0031972488173427913
  },
  "Mean F1 Score": {
    "mean": 0.60089,
    "sd": 0.005957969452758199
  }
}
