{
  "cellvit_scores": {
    "F1": {
      "mean": 0.7199688546647744,
      "std": 0.0
    },
    "Prec": {
      "mean": 0.7308653693945014,
      "std": 0.0
    },
    "Rec": {
      "mean": 0.7184194712020009,
      "std": 0.0
    }
  },
  "classifier": {
    "global": {
      "F1": {
        "mean": 0.8479305624961853,
        "std": 0.015635758347533685
      },
      "Prec": {
        "mean": 0.8479305624961853,
        "std": 0.015635758347533685
      },
      "Rec": {
        "mean": 0.8479305624961853,
        "std": 0.015635758347533685
      },
      "Acc": {
        "mean": 0.8479305624961853,
        "std": 0.015635758347533685
      },
      "Auroc": {
        "mean": 0.960481071472168,
        "std": 0.005389897592069969
      },
      "AP": {
        "mean": 0.8791593074798584,
        "std": 0.04902125381567833
      }
    }
  },
  "pipeline": {
    "segmentation_scores": {
      "binary": {
        "dice": {
          "mean": 0.8077628670443969,
          "std": 0.0
        },
        "fast_aji": {
          "mean": 0.49259544772905456,
          "std": 0.0
        },
        "fast_aji_plus": {
          "mean": 0.5105929838289056,
          "std": 0.0
        }
      }
    },
    "detection_scores": {
      "binary": {
        "f1": {
          "mean": 0.7215543273887528,
          "std": 0.0
        },
        "prec": {
          "mean": 0.7213488266119845,
          "std": 0.0
        },
        "rec": {
          "mean": 0.721759945286675,
          "std": 0.0
        }
      },
      "cell_types": {
        "Miscellaneous": {
          "f1": {
            "mean": 0.4494837303795724,
            "std": 0.18638847318595217
          },
          "prec": {
            "mean": 0.6437967102351314,
            "std": 0.16236091207825012
          },
          "rec": {
            "mean": 0.3565792695883179,
            "std": 0.15710914149545016
          }
        },
        "Inflammatory": {
          "f1": {
            "mean": 0.5696076195155485,
            "std": 0.017992012607058346
          },
          "prec": {
            "mean": 0.6116215758547617,
            "std": 0.024991612775252765
          },
          "rec": {
            "mean": 0.5334629738074421,
            "std": 0.019155883699313134
          }
        },
        "Epithelium": {
          "f1": {
            "mean": 0.6071648357181625,
            "std": 0.008661726216189065
          },
          "prec": {
            "mean": 0.5871662268259941,
            "std": 0.009649933559698315
          },
          "rec": {
            "mean": 0.6286547066339669,
            "std": 0.010152851479108382
          }
        },
        "Spindle-Shaped": {
          "f1": {
            "mean": 0.5008906069974381,
            "std": 0.003729139175617575
          },
          "prec": {
            "mean": 0.47850502617693974,
            "std": 0.010204338329200736
          },
          "rec": {
            "mean": 0.5258258997047619,
            "std": 0.008790518823932968
          }
        }
      }
    },
    "pq_scores": {
      "binary": {
        "pq": {
          "mean": 0.45119922773321486,
          "std": 0.0
        },
        "dq": {
          "mean": 0.6065304925806502,
          "std": 0.0
        },
        "sq": {
          "mean": 0.740919142923112,
          "std": 0.0
        }
      },
      "mean": {
        "pq": {
          "mean": 0.3294930671057535,
          "std": 0.008857497563242282
        },
        "dq": {
          "mean": 0.4323514486701486,
          "std": 0.010926550713824966
        },
        "sq": {
          "mean": 0.6672342228983492,
          "std": 0.005611808707846582
        }
      },
      "mean+": {
        "pq": {
          "mean": 0.3864282302170055,
          "std": 0.026819654390372323
        },
        "dq": {
          "mean": 0.5105700981915732,
          "std": 0.037615880655459955
        },
        "sq": {
          "mean": 0.7494185198085574,
          "std": 0.002301243929739512
        }
      },
      "cell_types+": {
        "Miscellaneous": {
          "pq": {
            "mean": 0.2685165201177157,
            "std": 0.09601826538362344
          },
          "dq": {
            "mean": 0.37562491635017076,
            "std": 0.13579683280165578
          },
          "sq": {
            "mean": 0.7179307485192248,
            "std": 0.00857855728908051
          }
        },
        "Inflammatory": {
          "pq": {
            "mean": 0.551744899638287,
            "std": 0.009885192115896698
          },
          "dq": {
            "mean": 0.6753411628753143,
            "std": 0.0127656875761869
          },
          "sq": {
            "mean": 0.8170028641966717,
            "std": 0.001324690441087371
          }
        },
        "Epithelium": {
          "pq": {
            "mean": 0.3845087264362861,
            "std": 0.0026693768013229466
          },
          "dq": {
            "mean": 0.5192093866396598,
            "std": 0.003612875427003825
          },
          "sq": {
            "mean": 0.7405659794314522,
            "std": 0.000325862089959219
          }
        },
        "Spindle-Shaped": {
          "pq": {
            "mean": 0.3409427746757333,
            "std": 0.002099489036526899
          },
          "dq": {
            "mean": 0.4721049269011475,
            "std": 0.002714606717915267
          },
          "sq": {
            "mean": 0.7221744870868815,
            "std": 0.0007451526458644255
          }
        }
      }
    }
  }
}
