{
  "cellvit_scores": {
    "F1": {
      "mean": 0.7914060147579676,
      "std": 0.0
    },
    "Prec": {
      "mean": 0.7375154909178733,
      "std": 0.0
    },
    "Rec": {
      "mean": 0.8752434159853653,
      "std": 1.1102230246251565e-16
    }
  },
  "classifier": {
    "global": {
      "F1": {
        "mean": 0.7105690598487854,
        "std": 0.0019591873615423796
      },
      "Prec": {
        "mean": 0.7105690598487854,
        "std": 0.0019591873615423796
      },
      "Rec": {
        "mean": 0.7105690598487854,
        "std": 0.0019591873615423796
      },
      "Acc": {
        "mean": 0.7105690598487854,
        "std": 0.0019591873615423796
      },
      "Auroc": {
        "mean": 0.8458783864974976,
        "std": 0.0024134275299424112
      },
      "AP": {
        "mean": 0.6348931550979614,
        "std": 0.00401242020624608
      }
    }
  },
  "pipeline": {
    "detection_scores_tia": {
      "binary": {
        "f1": {
          "mean": 0.7926120360049381,
          "std": 0.0
        },
        "prec": {
          "mean": 0.8520589599546462,
          "std": 0.0
        },
        "rec": {
          "mean": 0.7409191744907792,
          "std": 0.0
        }
      },
      "cell_types": {
        "Other Cells": {
          "f1": {
            "mean": 0.0826033664089087,
            "std": 0.006514623537249407
          },
          "prec": {
            "mean": 0.15626922454417988,
            "std": 0.010733443566958534
          },
          "rec": {
            "mean": 0.05670824354591365,
            "std": 0.00730990136816996
          }
        },
        "Epithelial Cells": {
          "f1": {
            "mean": 0.5980224303328083,
            "std": 0.0056667024141874205
          },
          "prec": {
            "mean": 0.6469234751060874,
            "std": 0.018685336671640965
          },
          "rec": {
            "mean": 0.5571476781006235,
            "std": 0.02137987398302256
          }
        },
        "Stromal Cells": {
          "f1": {
            "mean": 0.3162873449858777,
            "std": 0.003796733947498004
          },
          "prec": {
            "mean": 0.2626165229629379,
            "std": 0.0034380671164904145
          },
          "rec": {
            "mean": 0.39794170821505565,
            "std": 0.013361043982403455
          }
        },
        "TILs": {
          "f1": {
            "mean": 0.5638182364653492,
            "std": 0.0065933897916790486
          },
          "prec": {
            "mean": 0.614081472809957,
            "std": 0.012523580548391549
          },
          "rec": {
            "mean": 0.5220336965760329,
            "std": 0.02104276715736798
          }
        }
      }
    },
    "scores_ocelot": {
      "Pre/Other Cells": {
        "mean": 0.54456,
        "std": 0.033425714652045975
      },
      "Rec/Other Cells": {
        "mean": 0.18856,
        "std": 0.02429449320319319
      },
      "F1/Other Cells": {
        "mean": 0.27826,
        "std": 0.022878164262020675
      },
      "Pre/Epithelial Cells": {
        "mean": 0.8578600000000002,
        "std": 0.011299132710080003
      },
      "Rec/Epithelial Cells": {
        "mean": 0.72326,
        "std": 0.021362265797428875
      },
      "F1/Epithelial Cells": {
        "mean": 0.7845,
        "std": 0.00877108887197024
      },
      "Pre/Stromal Cells": {
        "mean": 0.5629,
        "std": 0.009488730157402507
      },
      "Rec/Stromal Cells": {
        "mean": 0.72144,
        "std": 0.012178932629750453
      },
      "F1/Stromal Cells": {
        "mean": 0.6322,
        "std": 0.0031780497164141407
      },
      "Pre/TILs": {
        "mean": 0.84306,
        "std": 0.012302455039543931
      },
      "Rec/TILs": {
        "mean": 0.7465999999999999,
        "std": 0.019177173931525966
      },
      "F1/TILs": {
        "mean": 0.7916,
        "std": 0.005385907537267967
      },
      "mF1": {
        "mean": 0.62164,
        "std": 0.00571429348213758
      }
    }
  }
}
