{
  "Global F1 Score": {
    "mean": 0.8696415185928345,
    "sd": 0.0010999127186676503
  },
  "Global Precision": {
    "mean": 0.8204538702964783,
    "sd": 0.0032891317905166654
  },
  "Global Recall": {
    "mean": 0.9251245498657227,
    "sd": 0.0026936724772324908
  },
  "Global Accuracy": {
    "mean": 0.8453364968299866,
    "sd": 0.001690119783397481
  },
  "Global AUROC": {
    "mean": 0.9216974139213562,
    "sd": 0.0007650604619982988
  },
  "BC Precision": {
    "mean": 0.5905400000000001,
    "sd": 0.0013807244475274644
  },
  "BC Recall": {
    "mean": 0.6426200000000001,
    "sd": 0.005575087443260419
  },
  "BC F1 Score": {
    "mean": 0.61546,
    "sd": 0.0020283983829613105
  },
  "TC Precision": {
    "mean": 0.62758,
    "sd": 0.0027794963572561
  },
  "TC Recall": {
    "mean": 0.7712999999999999,
    "sd": 0.002182658928921325
  },
  "TC F1 Score": {
    "mean": 0.69204,
    "sd": 0.001003194896318756
  },
  "Mean F1 Score": {
    "mean": 0.6537499999999999,
    "sd": 0.001473770674155273
  }
}
