{
  "Global F1 Score": {
    "mean": 0.8369722247123719,
    "sd": 0.0018156327552462895
  },
  "Global Precision": {
    "mean": 0.78233722448349,
    "sd": 0.005645873956020546
  },
  "Global Recall": {
    "mean": 0.8999338388442993,
    "sd": 0.008396957717034453
  },
  "Global Accuracy": {
    "mean": 0.8087129116058349,
    "sd": 0.0023344963142492505
  },
  "Global AUROC": {
    "mean": 0.8817797899246216,
    "sd": 0.0018938496767721116
  },
  "BC Precision": {
    "mean": 0.5605800000000001,
    "sd": 0.005353652958494764
  },
  "BC Recall": {
    "mean": 0.5880000000000001,
    "sd": 0.01071092899799079
  },
  "BC F1 Score": {
    "mean": 0.57384,
    "sd": 0.0029103951621730325
  },
  "TC Precision": {
    "mean": 0.5535,
    "sd": 0.004724828039198889
  },
  "TC Recall": {
    "mean": 0.70702,
    "sd": 0.006232944729419632
  },
  "TC F1 Score": {
    "mean": 0.62088,
    "sd": 0.0017302023003105769
  },
  "Mean F1 Score": {
    "mean": 0.59736,
    "sd": 0.0021105449533236984
  }
}
