{
  "cellvit_scores": {
    "F1": {
      "mean": 0.7787618479052221,
      "std": 0.0
    },
    "Prec": {
      "mean": 0.7666388097812087,
      "std": 0.0
    },
    "Rec": {
      "mean": 0.7974664137768235,
      "std": 0.0
    }
  },
  "classifier": {
    "global": {
      "F1": {
        "mean": 0.8810946822166443,
        "std": 0.003139998404776627
      },
      "Prec": {
        "mean": 0.8810946822166443,
        "std": 0.003139998404776627
      },
      "Rec": {
        "mean": 0.8810946822166443,
        "std": 0.003139998404776627
      },
      "Acc": {
        "mean": 0.8810946822166443,
        "std": 0.003139998404776627
      },
      "Auroc": {
        "mean": 0.9721526741981507,
        "std": 0.001989164320331262
      },
      "AP": {
        "mean": 0.9230585098266602,
        "std": 0.003531487249132221
      }
    }
  },
  "pipeline": {
    "segmentation_scores": {
      "binary": {
        "dice": {
          "mean": 0.8447450118001756,
          "std": 0.0
        },
        "fast_aji": {
          "mean": 0.5776229057377051,
          "std": 0.0
        },
        "fast_aji_plus": {
          "mean": 0.6080960594268857,
          "std": 0.0
        }
      }
    },
    "detection_scores": {
      "binary": {
        "f1": {
          "mean": 0.7724769578575155,
          "std": 0.0
        },
        "prec": {
          "mean": 0.7859164897381458,
          "std": 0.0
        },
        "rec": {
          "mean": 0.7594893423002393,
          "std": 0.0
        }
      },
      "cell_types": {
        "Miscellaneous": {
          "f1": {
            "mean": 0.5598933185867564,
            "std": 0.02063393025044048
          },
          "prec": {
            "mean": 0.7372724446730662,
            "std": 0.08048351399162257
          },
          "rec": {
            "mean": 0.4550809784435216,
            "std": 0.020193611236763883
          }
        },
        "Inflammatory": {
          "f1": {
            "mean": 0.5885638514903342,
            "std": 0.005929226594825457
          },
          "prec": {
            "mean": 0.6777511313885729,
            "std": 0.020501455974226583
          },
          "rec": {
            "mean": 0.520767987468151,
            "std": 0.014011396308808995
          }
        },
        "Epithelium": {
          "f1": {
            "mean": 0.6914371243821377,
            "std": 0.0013243628482421538
          },
          "prec": {
            "mean": 0.6767084278825215,
            "std": 0.008471514050216254
          },
          "rec": {
            "mean": 0.7070354084426078,
            "std": 0.008542365315322807
          }
        },
        "Spindle-Shaped": {
          "f1": {
            "mean": 0.5885304971512538,
            "std": 0.0029250160717438555
          },
          "prec": {
            "mean": 0.5688645109297337,
            "std": 0.005275852759966273
          },
          "rec": {
            "mean": 0.6097109930481199,
            "std": 0.007029729770455834
          }
        }
      }
    },
    "pq_scores": {
      "binary": {
        "pq": {
          "mean": 0.5481970297015736,
          "std": 0.0
        },
        "dq": {
          "mean": 0.7089749373687997,
          "std": 0.0
        },
        "sq": {
          "mean": 0.7711988905936644,
          "std": 0.0
        }
      },
      "mean": {
        "pq": {
          "mean": 0.4015002809682958,
          "std": 0.010139529211859332
        },
        "dq": {
          "mean": 0.5131281381275942,
          "std": 0.01161947941892156
        },
        "sq": {
          "mean": 0.6777461919575338,
          "std": 0.007833941473906947
        }
      },
      "mean+": {
        "pq": {
          "mean": 0.4701087556440295,
          "std": 0.0026617707523762953
        },
        "dq": {
          "mean": 0.6079904683290205,
          "std": 0.0036149438689992647
        },
        "sq": {
          "mean": 0.7681435331574761,
          "std": 0.0003795404171096483
        }
      },
      "cell_types+": {
        "Miscellaneous": {
          "pq": {
            "mean": 0.34822790096791684,
            "std": 0.0074227558045926395
          },
          "dq": {
            "mean": 0.48063526675694723,
            "std": 0.010038621481063185
          },
          "sq": {
            "mean": 0.7245102831075608,
            "std": 0.001203825403912444
          }
        },
        "Inflammatory": {
          "pq": {
            "mean": 0.5865336378878395,
            "std": 0.0037680260286016795
          },
          "dq": {
            "mean": 0.7105336929936403,
            "std": 0.004525537580950973
          },
          "sq": {
            "mean": 0.8254840281395074,
            "std": 0.0013413420511818599
          }
        },
        "Epithelium": {
          "pq": {
            "mean": 0.5107371126437741,
            "std": 0.0006463908953438837
          },
          "dq": {
            "mean": 0.6588440592951892,
            "std": 0.0006238801877461221
          },
          "sq": {
            "mean": 0.7752016444944665,
            "std": 0.0003930186948305993
          }
        },
        "Spindle-Shaped": {
          "pq": {
            "mean": 0.4349363710765874,
            "std": 0.002134599672809561
          },
          "dq": {
            "mean": 0.5819488542703051,
            "std": 0.0026956746410257207
          },
          "sq": {
            "mean": 0.7473781768883698,
            "std": 0.00045509668529375625
          }
        }
      }
    }
  }
}
