{
  "Global F1 Score": {
    "mean": 0.8728179931640625,
    "sd": 0.001405724843119473
  },
  "Global Precision": {
    "mean": 0.8226035833358765,
    "sd": 0.005134398883791255
  },
  "Global Recall": {
    "mean": 0.9296187162399292,
    "sd": 0.004481382573969595
  },
  "Global Accuracy": {
    "mean": 0.8489198684692383,
    "sd": 0.002326896469937217
  },
  "Global AUROC": {
    "mean": 0.9272082924842835,
    "sd": 0.000728766924855226
  },
  "BC Precision": {
    "mean": 0.59448,
    "sd": 0.0032021242949017595
  },
  "BC Recall": {
    "mean": 0.6445399999999999,
    "sd": 0.00897677002044725
  },
  "BC F1 Score": {
    "mean": 0.61846,
    "sd": 0.003276949801263378
  },
  "TC Precision": {
    "mean": 0.6292,
    "sd": 0.004364859677011377
  },
  "TC Recall": {
    "mean": 0.7751,
    "sd": 0.003737378760575387
  },
  "TC F1 Score": {
    "mean": 0.69456,
    "sd": 0.001298614646459828
  },
  "Mean F1 Score": {
    "mean": 0.65651,
    "sd": 0.002244415291339799
  }
}
