{
  "cellvit_scores": {
    "F1": {
      "mean": 0.7687582749558937,
      "std": 0.0
    },
    "Prec": {
      "mean": 0.8633965890478855,
      "std": 0.0
    },
    "Rec": {
      "mean": 0.7057863931375905,
      "std": 0.0
    }
  },
  "classifier": {
    "global": {
      "F1": {
        "mean": 0.8122462034225464,
        "std": 0.006038426620173119
      },
      "Prec": {
        "mean": 0.8122462034225464,
        "std": 0.006038426620173119
      },
      "Rec": {
        "mean": 0.8122462034225464,
        "std": 0.006038426620173119
      },
      "Acc": {
        "mean": 0.8122462034225464,
        "std": 0.006038426620173119
      },
      "Auroc": {
        "mean": 0.9198636651039124,
        "std": 0.015342477984280501
      },
      "AP": {
        "mean": 0.7060858130455017,
        "std": 0.030860378850192386
      }
    }
  },
  "pipeline": {
    "detection_scores_tia": {
      "binary": {
        "f1": {
          "mean": 0.7791736983561472,
          "std": 0.0
        },
        "prec": {
          "mean": 0.7103133903133904,
          "std": 0.0
        },
        "rec": {
          "mean": 0.8628183831672203,
          "std": 1.1102230246251565e-16
        }
      },
      "cell_types": {
        "tumor_any": {
          "f1": {
            "mean": 0.6121259920215729,
            "std": 0.0036282521039319783
          },
          "prec": {
            "mean": 0.5635666068667922,
            "std": 0.009923001675836292
          },
          "rec": {
            "mean": 0.6703113440423539,
            "std": 0.013597622485444553
          }
        },
        "nonTIL_stromal": {
          "f1": {
            "mean": 0.3678993750294839,
            "std": 0.009408256013546107
          },
          "prec": {
            "mean": 0.33916026618003114,
            "std": 0.016932007677540255
          },
          "rec": {
            "mean": 0.4043246448732689,
            "std": 0.025572413050912825
          }
        },
        "sTIL": {
          "f1": {
            "mean": 0.649204756400752,
            "std": 0.009155930390860793
          },
          "prec": {
            "mean": 0.5608567585429892,
            "std": 0.017806089113309408
          },
          "rec": {
            "mean": 0.7717142124313272,
            "std": 0.018117338015659974
          }
        },
        "other_nucleus": {
          "f1": {
            "mean": 0.0007312614259597807,
            "std": 0.0014625228519195613
          },
          "prec": {
            "mean": 0.01818181818181818,
            "std": 0.03636363636363636
          },
          "rec": {
            "mean": 0.00037313432835820896,
            "std": 0.000746268656716418
          }
        }
      }
    },
    "scores_ocelot": {
      "Pre/tumor_any": {
        "mean": 0.74302,
        "std": 0.010895393522034887
      },
      "Rec/tumor_any": {
        "mean": 0.88376,
        "std": 0.008916636137019374
      },
      "F1/tumor_any": {
        "mean": 0.80718,
        "std": 0.003034073169849442
      },
      "Pre/nonTIL_stromal": {
        "mean": 0.63476,
        "std": 0.024362971904100663
      },
      "Rec/nonTIL_stromal": {
        "mean": 0.7805199999999999,
        "std": 0.030537216638063143
      },
      "F1/nonTIL_stromal": {
        "mean": 0.6991200000000001,
        "std": 0.005776988835024675
      },
      "Pre/sTIL": {
        "mean": 0.6985399999999999,
        "std": 0.017339157995704433
      },
      "Rec/sTIL": {
        "mean": 0.9411400000000001,
        "std": 0.008402523430493965
      },
      "F1/sTIL": {
        "mean": 0.80168,
        "std": 0.00872591542475632
      },
      "Pre/other_nucleus": {
        "mean": 0.60002,
        "std": 0.326602715236723
      },
      "Rec/other_nucleus": {
        "mean": 0.011260000000000001,
        "std": 0.007181810356727613
      },
      "F1/other_nucleus": {
        "mean": 0.022039999999999997,
        "std": 0.013940674302199302
      },
      "mF1": {
        "mean": 0.582505,
        "std": 0.004112067606448146
      }
    }
  }
}
