{
  "pipeline": {
    "segmentation_scores": {
      "binary": {
        "dice": {
          "mean": 0.7740535045818687,
          "std": 0.0035202841137219974
        },
        "fast_aji": {
          "mean": 0.5544050822412173,
          "std": 0.0030836341812674876
        },
        "fast_aji_plus": {
          "mean": 0.5669191737502027,
          "std": 0.0035109781453271493
        }
      }
    },
    "detection_scores": {
      "binary": {
        "f1": {
          "mean": 0.8034417403629986,
          "std": 0.01544027366953896
        },
        "prec": {
          "mean": 0.7417256043924092,
          "std": 0.009674169013597666
        },
        "rec": {
          "mean": 0.876542028017242,
          "std": 0.024983206124271698
        }
      },
      "cell_types": {
        "Neutrophil": {
          "f1": {
            "mean": 0.05245186731246599,
            "std": 0.006686799289977295
          },
          "prec": {
            "mean": 0.12112399590563304,
            "std": 0.046021002996191766
          },
          "rec": {
            "mean": 0.0358526550626324,
            "std": 0.004789208910467801
          }
        },
        "Epithelial": {
          "f1": {
            "mean": 0.6532994398969066,
            "std": 0.013567457155235031
          },
          "prec": {
            "mean": 0.6042044469390043,
            "std": 0.03229207449851601
          },
          "rec": {
            "mean": 0.7144286703128979,
            "std": 0.03420069994755917
          }
        },
        "Lymphocyte": {
          "f1": {
            "mean": 0.5361130515434779,
            "std": 0.019588218785486416
          },
          "prec": {
            "mean": 0.465219391661688,
            "std": 0.012010344962882816
          },
          "rec": {
            "mean": 0.6327345695959664,
            "std": 0.03252780485766968
          }
        },
        "Plasma": {
          "f1": {
            "mean": 0.1911388727669372,
            "std": 0.011307027762037961
          },
          "prec": {
            "mean": 0.30546399831349075,
            "std": 0.018283066422799393
          },
          "rec": {
            "mean": 0.1400407785034009,
            "std": 0.014472057076023543
          }
        },
        "Eosinophil": {
          "f1": {
            "mean": 0.05157727488471255,
            "std": 0.024021040609760538
          },
          "prec": {
            "mean": 0.15087564726794964,
            "std": 0.023260807483409873
          },
          "rec": {
            "mean": 0.03255615826120042,
            "std": 0.01820864907070195
          }
        },
        "Connective tissue": {
          "f1": {
            "mean": 0.44028517673354806,
            "std": 0.011062359637469094
          },
          "prec": {
            "mean": 0.40391514690515606,
            "std": 0.02961019534095221
          },
          "rec": {
            "mean": 0.49371427865349166,
            "std": 0.058737708511170446
          }
        }
      }
    },
    "pq_scores": {
      "binary": {
        "pq": {
          "mean": 0.5363776938324573,
          "std": 0.008726353472712405
        },
        "dq": {
          "mean": 0.7187894787302881,
          "std": 0.011683581772084829
        },
        "sq": {
          "mean": 0.7451997618556105,
          "std": 0.0019753316283170025
        }
      },
      "mean": {
        "pq": {
          "mean": 0.2545960318383913,
          "std": 0.00896906411265715
        },
        "dq": {
          "mean": 0.3407495489913605,
          "std": 0.012163361814674395
        },
        "sq": {
          "mean": 0.5414082367782594,
          "std": 0.013212257124482362
        }
      },
      "mean+": {
        "pq": {
          "mean": 0.2545355564552543,
          "std": 0.0039718467321149895
        },
        "dq": {
          "mean": 0.3428917772405933,
          "std": 0.004318821203241461
        },
        "sq": {
          "mean": 0.7275002292844198,
          "std": 0.009915345276164802
        }
      },
      "cell_types+": {
        "Neutrophil": {
          "pq": {
            "mean": 0.02762194871103317,
            "std": 0.00358661387912828
          },
          "dq": {
            "mean": 0.0397353647345338,
            "std": 0.004795897978977487
          },
          "sq": {
            "mean": 0.6946401324061823,
            "std": 0.015254683404318214
          }
        },
        "Epithelial": {
          "pq": {
            "mean": 0.4883235284569032,
            "std": 0.006262002729188971
          },
          "dq": {
            "mean": 0.6448345310618105,
            "std": 0.008899569138969556
          },
          "sq": {
            "mean": 0.7572970598163326,
            "std": 0.0019146322837809118
          }
        },
        "Lymphocyte": {
          "pq": {
            "mean": 0.4502048690255444,
            "std": 0.02951532893942834
          },
          "dq": {
            "mean": 0.6231075861974579,
            "std": 0.02326875218142662
          },
          "sq": {
            "mean": 0.721753539284126,
            "std": 0.020423130269365385
          }
        },
        "Plasma": {
          "pq": {
            "mean": 0.17429408382484315,
            "std": 0.013657637588789406
          },
          "dq": {
            "mean": 0.2383675444495034,
            "std": 0.020351395965435122
          },
          "sq": {
            "mean": 0.7316181605142601,
            "std": 0.004996875952801267
          }
        },
        "Eosinophil": {
          "pq": {
            "mean": 0.017273238927891645,
            "std": 0.009725064403328614
          },
          "dq": {
            "mean": 0.02458313757726649,
            "std": 0.013551630591955776
          },
          "sq": {
            "mean": 0.7004837640907429,
            "std": 0.023363911432983886
          }
        },
        "Connective tissue": {
          "pq": {
            "mean": 0.36949566978531,
            "std": 0.006177913436525058
          },
          "dq": {
            "mean": 0.48672249942298823,
            "std": 0.009980506427225712
          },
          "sq": {
            "mean": 0.7592087195948749,
            "std": 0.002838777241745755
          }
        }
      }
    }
  }
}
