{
  "Global F1 Score": {
    "mean": 0.7912731766700745,
    "sd": 0.0029332824746607887
  },
  "Global Precision": {
    "mean": 0.698737633228302,
    "sd": 0.007887715223066982
  },
  "Global Recall": {
    "mean": 0.9125982761383057,
    "sd": 0.0195150129993748
  },
  "Global Accuracy": {
    "mean": 0.733805251121521,
    "sd": 0.0028581053983519405
  },
  "Global AUROC": {
    "mean": 0.8137171745300293,
    "sd": 0.003083921394670277
  },
  "BC Precision": {
    "mean": 0.62374,
    "sd": 0.018559159463725727
  },
  "BC Recall": {
    "mean": 0.44533999999999996,
    "sd": 0.02452627978312243
  },
  "BC F1 Score": {
    "mean": 0.51874,
    "sd": 0.010201097980119605
  },
  "TC Precision": {
    "mean": 0.55664,
    "sd": 0.0075642845002022825
  },
  "TC Recall": {
    "mean": 0.7771600000000001,
    "sd": 0.015494334448436311
  },
  "TC F1 Score": {
    "mean": 0.6484800000000001,
    "sd": 0.0022426769718352237
  },
  "Mean F1 Score": {
    "mean": 0.5836100000000001,
    "sd": 0.005045334478505889
  }
}
