{
  "cellvit_scores": {
    "F1": {
      "mean": 0.7787618479052221,
      "std": 0.0
    },
    "Prec": {
      "mean": 0.7666388097812087,
      "std": 0.0
    },
    "Rec": {
      "mean": 0.7974664137768235,
      "std": 0.0
    }
  },
  "classifier": {
    "global": {
      "F1": {
        "mean": 0.8827514767646789,
        "std": 0.0029712772917620998
      },
      "Prec": {
        "mean": 0.8827514767646789,
        "std": 0.0029712772917620998
      },
      "Rec": {
        "mean": 0.8827514767646789,
        "std": 0.0029712772917620998
      },
      "Acc": {
        "mean": 0.8827514767646789,
        "std": 0.0029712772917620998
      },
      "Auroc": {
        "mean": 0.9732520580291748,
        "std": 0.0012590902340578751
      },
      "AP": {
        "mean": 0.9270128846168518,
        "std": 0.0023256016834308653
      }
    }
  },
  "pipeline": {
    "segmentation_scores": {
      "binary": {
        "dice": {
          "mean": 0.8447450118001756,
          "std": 0.0
        },
        "fast_aji": {
          "mean": 0.5776229057377051,
          "std": 0.0
        },
        "fast_aji_plus": {
          "mean": 0.6080960594268857,
          "std": 0.0
        }
      }
    },
    "detection_scores": {
      "binary": {
        "f1": {
          "mean": 0.7724769578575155,
          "std": 0.0
        },
        "prec": {
          "mean": 0.7859164897381458,
          "std": 0.0
        },
        "rec": {
          "mean": 0.7594893423002393,
          "std": 0.0
        }
      },
      "cell_types": {
        "Miscellaneous": {
          "f1": {
            "mean": 0.5786034534495861,
            "std": 0.006186654635290442
          },
          "prec": {
            "mean": 0.7465998204471939,
            "std": 0.041373498196135665
          },
          "rec": {
            "mean": 0.4733672220987245,
            "std": 0.010010017519717997
          }
        },
        "Inflammatory": {
          "f1": {
            "mean": 0.6080389005903731,
            "std": 0.011691853781421728
          },
          "prec": {
            "mean": 0.6129700005015273,
            "std": 0.046325194189556974
          },
          "rec": {
            "mean": 0.6124462316078126,
            "std": 0.0609252132188924
          }
        },
        "Epithelium": {
          "f1": {
            "mean": 0.6877576481716243,
            "std": 0.00443420230450759
          },
          "prec": {
            "mean": 0.6752421816797964,
            "std": 0.00503032582451127
          },
          "rec": {
            "mean": 0.7008842827164163,
            "std": 0.01045902228435302
          }
        },
        "Spindle-Shaped": {
          "f1": {
            "mean": 0.5821183392570068,
            "std": 0.005220827131511053
          },
          "prec": {
            "mean": 0.6006059746667773,
            "std": 0.02206953955882744
          },
          "rec": {
            "mean": 0.5668273666766445,
            "std": 0.028889773239762856
          }
        }
      }
    },
    "pq_scores": {
      "binary": {
        "pq": {
          "mean": 0.5481970297015736,
          "std": 0.0
        },
        "dq": {
          "mean": 0.7089749373687997,
          "std": 0.0
        },
        "sq": {
          "mean": 0.7711988905936644,
          "std": 0.0
        }
      },
      "mean": {
        "pq": {
          "mean": 0.39941949525467724,
          "std": 0.005443785525179458
        },
        "dq": {
          "mean": 0.5099190175422879,
          "std": 0.006595468279541981
        },
        "sq": {
          "mean": 0.6810723946137875,
          "std": 0.00685348673888034
        }
      },
      "mean+": {
        "pq": {
          "mean": 0.4725242173263206,
          "std": 0.00197855805977366
        },
        "dq": {
          "mean": 0.611481974794518,
          "std": 0.0023291276064491668
        },
        "sq": {
          "mean": 0.7677967407515465,
          "std": 0.0005687924016267858
        }
      },
      "cell_types+": {
        "Miscellaneous": {
          "pq": {
            "mean": 0.35731180217887476,
            "std": 0.0025646948783329434
          },
          "dq": {
            "mean": 0.4930747841733442,
            "std": 0.003556813252687543
          },
          "sq": {
            "mean": 0.7246607922062,
            "std": 0.00044461394396364765
          }
        },
        "Inflammatory": {
          "pq": {
            "mean": 0.5923137374046491,
            "std": 0.0056794771034609625
          },
          "dq": {
            "mean": 0.7193364479345935,
            "std": 0.006959333816935502
          },
          "sq": {
            "mean": 0.8234198027376799,
            "std": 0.0018813603839484849
          }
        },
        "Epithelium": {
          "pq": {
            "mean": 0.5085440628977653,
            "std": 0.0014498190413956594
          },
          "dq": {
            "mean": 0.6558636884886266,
            "std": 0.0018233898387056816
          },
          "sq": {
            "mean": 0.7753806653316988,
            "std": 0.0003798519006226941
          }
        },
        "Spindle-Shaped": {
          "pq": {
            "mean": 0.4319272668239931,
            "std": 0.003245072514229067
          },
          "dq": {
            "mean": 0.5776529785815077,
            "std": 0.004075389376212141
          },
          "sq": {
            "mean": 0.7477257027306071,
            "std": 0.0006297653121269233
          }
        }
      }
    }
  }
}
