{
  "precision": {
    "mean": 0.5884618967385764,
    "std": 0.03845000952749489
  },
  "recall": {
    "mean": 0.4485610050877337,
    "std": 0.04235912124472638
  },
  "f1_score": {
    "mean": 0.5061969047742412,
    "std": 0.021340345684895467
  },
  "mAP": {
    "mean": 0.40805013179779054,
    "std": 0.019392029300816297
  },
  "human breast cancer_precision": {
    "mean": 0.728004122859333,
    "std": 0.04881148602850868
  },
  "human breast cancer_recall": {
    "mean": 0.3846607658269594,
    "std": 0.026555226906744223
  },
  "human breast cancer_f1": {
    "mean": 0.5014812665866517,
    "std": 0.01497375617138385
  },
  "human breast cancer_mAP": {
    "mean": 0.4475071668624878,
    "std": 0.024981411269520703
  },
  "canine lung cancer_precision": {
    "mean": 0.36076560002463326,
    "std": 0.07418685755040898
  },
  "canine lung cancer_recall": {
    "mean": 0.3383177554284217,
    "std": 0.05580934040026894
  },
  "canine lung cancer_f1": {
    "mean": 0.33999395297146906,
    "std": 0.034970365088492134
  },
  "canine lung cancer_mAP": {
    "mean": 0.293712654709816,
    "std": 0.029048626843347195
  },
  "canine lymphoma_precision": {
    "mean": 0.6091298420751106,
    "std": 0.0911627115601378
  },
  "canine lymphoma_recall": {
    "mean": 0.3873809519197846,
    "std": 0.054790882536958775
  },
  "canine lymphoma_f1": {
    "mean": 0.4679037352714631,
    "std": 0.04130563606694192
  },
  "canine lymphoma_mAP": {
    "mean": 0.36013123393058777,
    "std": 0.03604503987514146
  },
  "canine cutaneous mast cell tumor_precision": {
    "mean": 0.6529307391164764,
    "std": 0.14053165519241018
  },
  "canine cutaneous mast cell tumor_recall": {
    "mean": 0.6321792247817124,
    "std": 0.06568788544784773
  },
  "canine cutaneous mast cell tumor_f1": {
    "mean": 0.626346495998056,
    "std": 0.032050234208804575
  },
  "canine cutaneous mast cell tumor_mAP": {
    "mean": 0.5080345153808594,
    "std": 0.011694051558935152
  },
  "human neuroendocrine tumor_precision": {
    "mean": 0.4672307134526853,
    "std": 0.13815199522509616
  },
  "human neuroendocrine tumor_recall": {
    "mean": 0.3321739101550095,
    "std": 0.0805275603626489
  },
  "human neuroendocrine tumor_f1": {
    "mean": 0.3642413069873444,
    "std": 0.07578184574648915
  },
  "human neuroendocrine tumor_mAP": {
    "mean": 0.276401561498642,
    "std": 0.042776969358769845
  },
  "canine soft tissue sarcoma_precision": {
    "mean": 0.7147833298625159,
    "std": 0.03466873129578404
  },
  "canine soft tissue sarcoma_recall": {
    "mean": 0.4298387079441987,
    "std": 0.05584932136570689
  },
  "canine soft tissue sarcoma_f1": {
    "mean": 0.5334032286941357,
    "std": 0.04307907626791253
  },
  "canine soft tissue sarcoma_mAP": {
    "mean": 0.4448515594005585,
    "std": 0.02736499653002171
  },
  "human melanoma_precision": {
    "mean": 0.7444277928588292,
    "std": 0.2050376156771103
  },
  "human melanoma_recall": {
    "mean": 0.5599999974545455,
    "std": 0.09822389626047745
  },
  "human melanoma_f1": {
    "mean": 0.6065134429665864,
    "std": 0.08925861021728002
  },
  "human melanoma_mAP": {
    "mean": 0.5748779892921447,
    "std": 0.040341117001331014
  }
}
