{
  "cellvit_scores": {
    "F1": {
      "mean": 0.7284005110898673,
      "std": 0.0
    },
    "Prec": {
      "mean": 0.709121389108423,
      "std": 0.0
    },
    "Rec": {
      "mean": 0.7582051584941027,
      "std": 0.0
    }
  },
  "classifier": {
    "global": {
      "F1": {
        "mean": 0.8165539383888245,
        "std": 0.014493258586264372
      },
      "Prec": {
        "mean": 0.8165539383888245,
        "std": 0.014493258586264372
      },
      "Rec": {
        "mean": 0.8165539383888245,
        "std": 0.014493258586264372
      },
      "Acc": {
        "mean": 0.8165539383888245,
        "std": 0.014493258586264372
      },
      "Auroc": {
        "mean": 0.9499241828918457,
        "std": 0.008776185568115125
      },
      "AP": {
        "mean": 0.8454334378242493,
        "std": 0.05070093203813284
      }
    }
  },
  "pipeline": {
    "segmentation_scores": {
      "binary": {
        "dice": {
          "mean": 0.8183274993991146,
          "std": 5.305876080718974e-08
        },
        "fast_aji": {
          "mean": 0.5251523371610421,
          "std": 6.710381881269712e-08
        },
        "fast_aji_plus": {
          "mean": 0.5521867643425071,
          "std": 6.898724813630963e-08
        }
      }
    },
    "detection_scores": {
      "binary": {
        "f1": {
          "mean": 0.7195136347538661,
          "std": 0.0
        },
        "prec": {
          "mean": 0.7461133553678541,
          "std": 0.0
        },
        "rec": {
          "mean": 0.6947452410805882,
          "std": 0.0
        }
      },
      "cell_types": {
        "Miscellaneous": {
          "f1": {
            "mean": 0.2901369982710856,
            "std": 0.14861761958431974
          },
          "prec": {
            "mean": 0.571938719816967,
            "std": 0.2882072899499683
          },
          "rec": {
            "mean": 0.19495871129770767,
            "std": 0.10098837352656964
          }
        },
        "Inflammatory": {
          "f1": {
            "mean": 0.5401229242944783,
            "std": 0.018524744166953225
          },
          "prec": {
            "mean": 0.5923807182266051,
            "std": 0.04469850737341191
          },
          "rec": {
            "mean": 0.5038626961123653,
            "std": 0.05507622827090258
          }
        },
        "Epithelium": {
          "f1": {
            "mean": 0.5718153527668693,
            "std": 0.014332497323065642
          },
          "prec": {
            "mean": 0.583797272822607,
            "std": 0.01880463061832041
          },
          "rec": {
            "mean": 0.5609885059541522,
            "std": 0.020664262392894883
          }
        },
        "Spindle-Shaped": {
          "f1": {
            "mean": 0.4836900569251714,
            "std": 0.006177126710619795
          },
          "prec": {
            "mean": 0.46354062876954505,
            "std": 0.023295966798058256
          },
          "rec": {
            "mean": 0.5081623065212446,
            "std": 0.025273076584610452
          }
        }
      }
    },
    "pq_scores": {
      "binary": {
        "pq": {
          "mean": 0.49220038324395066,
          "std": 6.429829109144692e-08
        },
        "dq": {
          "mean": 0.6492108964823046,
          "std": 0.0
        },
        "sq": {
          "mean": 0.7558080457871835,
          "std": 8.047107931119513e-08
        }
      },
      "mean": {
        "pq": {
          "mean": 0.3409492034914382,
          "std": 0.008679278367267517
        },
        "dq": {
          "mean": 0.4435336882329599,
          "std": 0.011498981211887305
        },
        "sq": {
          "mean": 0.668886564126068,
          "std": 0.018584993255947806
        }
      },
      "mean+": {
        "pq": {
          "mean": 0.3765628643643574,
          "std": 0.026320671416411798
        },
        "dq": {
          "mean": 0.49098908063218943,
          "std": 0.03636896186459246
        },
        "sq": {
          "mean": 0.7217503199036303,
          "std": 0.07263337779980063
        }
      },
      "cell_types+": {
        "Miscellaneous": {
          "pq": {
            "mean": 0.20163414195832416,
            "std": 0.10195378292700227
          },
          "dq": {
            "mean": 0.27881872829372173,
            "std": 0.1412165196353497
          },
          "sq": {
            "mean": 0.5787507747656586,
            "std": 0.28941556883961544
          }
        },
        "Inflammatory": {
          "pq": {
            "mean": 0.5339437801236484,
            "std": 0.011474456269551125
          },
          "dq": {
            "mean": 0.6512933920761987,
            "std": 0.015153353361323693
          },
          "sq": {
            "mean": 0.8198557315043381,
            "std": 0.0018977248547431228
          }
        },
        "Epithelium": {
          "pq": {
            "mean": 0.42662686007867645,
            "std": 0.0051487405978809485
          },
          "dq": {
            "mean": 0.5625637107004768,
            "std": 0.007208038171461878
          },
          "sq": {
            "mean": 0.758369269849622,
            "std": 0.000716584766365216
          }
        },
        "Spindle-Shaped": {
          "pq": {
            "mean": 0.34404667529678046,
            "std": 0.002445362618090316
          },
          "dq": {
            "mean": 0.4712804914583604,
            "std": 0.0033629630397450415
          },
          "sq": {
            "mean": 0.7300255034949024,
            "std": 0.0003278370513879424
          }
        }
      }
    }
  }
}
