{
  "cellvit_scores": {
    "F1": {
      "mean": 0.7787618479052221,
      "std": 0.0
    },
    "Prec": {
      "mean": 0.7666388097812087,
      "std": 0.0
    },
    "Rec": {
      "mean": 0.7974664137768235,
      "std": 0.0
    }
  },
  "classifier": {
    "global": {
      "F1": {
        "mean": 0.8789644956588745,
        "std": 0.003213020359378502
      },
      "Prec": {
        "mean": 0.8789644956588745,
        "std": 0.003213020359378502
      },
      "Rec": {
        "mean": 0.8789644956588745,
        "std": 0.003213020359378502
      },
      "Acc": {
        "mean": 0.8789644956588745,
        "std": 0.003213020359378502
      },
      "Auroc": {
        "mean": 0.9715803384780883,
        "std": 0.001207402348279298
      },
      "AP": {
        "mean": 0.9225597381591797,
        "std": 0.002939946073483067
      }
    }
  },
  "pipeline": {
    "segmentation_scores": {
      "binary": {
        "dice": {
          "mean": 0.8447450118001756,
          "std": 0.0
        },
        "fast_aji": {
          "mean": 0.5776229057377051,
          "std": 0.0
        },
        "fast_aji_plus": {
          "mean": 0.6080960594268857,
          "std": 0.0
        }
      }
    },
    "detection_scores": {
      "binary": {
        "f1": {
          "mean": 0.7724769578575155,
          "std": 0.0
        },
        "prec": {
          "mean": 0.7859164897381458,
          "std": 0.0
        },
        "rec": {
          "mean": 0.7594893423002393,
          "std": 0.0
        }
      },
      "cell_types": {
        "Miscellaneous": {
          "f1": {
            "mean": 0.5687372925246701,
            "std": 0.027528635377391485
          },
          "prec": {
            "mean": 0.7670581281276372,
            "std": 0.027343538365299232
          },
          "rec": {
            "mean": 0.4533475287066068,
            "std": 0.034024455575921084
          }
        },
        "Inflammatory": {
          "f1": {
            "mean": 0.5759941158286027,
            "std": 0.0039287194736553005
          },
          "prec": {
            "mean": 0.6891002671229616,
            "std": 0.0180421260121685
          },
          "rec": {
            "mean": 0.4951864323861102,
            "std": 0.00983081144862907
          }
        },
        "Epithelium": {
          "f1": {
            "mean": 0.6919546961636054,
            "std": 0.004659197551234022
          },
          "prec": {
            "mean": 0.6794570929695808,
            "std": 0.011825879349180687
          },
          "rec": {
            "mean": 0.7051785963626446,
            "std": 0.008533692360602904
          }
        },
        "Spindle-Shaped": {
          "f1": {
            "mean": 0.5858861908371552,
            "std": 0.003696562679372367
          },
          "prec": {
            "mean": 0.5556344896768197,
            "std": 0.008904208166413694
          },
          "rec": {
            "mean": 0.6198987946812834,
            "std": 0.009741720743105657
          }
        }
      }
    },
    "pq_scores": {
      "binary": {
        "pq": {
          "mean": 0.5481970297015736,
          "std": 0.0
        },
        "dq": {
          "mean": 0.7089749373687997,
          "std": 0.0
        },
        "sq": {
          "mean": 0.7711988905936644,
          "std": 0.0
        }
      },
      "mean": {
        "pq": {
          "mean": 0.4009174518590114,
          "std": 0.0039972416372751
        },
        "dq": {
          "mean": 0.5116793677262208,
          "std": 0.005106858598716363
        },
        "sq": {
          "mean": 0.6815255832333904,
          "std": 0.007068330567331832
        }
      },
      "mean+": {
        "pq": {
          "mean": 0.4690907501755574,
          "std": 0.0032589727824147274
        },
        "dq": {
          "mean": 0.606684699094699,
          "std": 0.004417737585057387
        },
        "sq": {
          "mean": 0.7683702715870495,
          "std": 0.00016200049858706262
        }
      },
      "cell_types+": {
        "Miscellaneous": {
          "pq": {
            "mean": 0.35257589621904367,
            "std": 0.010312658874178083
          },
          "dq": {
            "mean": 0.48662308426034695,
            "std": 0.014090478740070052
          },
          "sq": {
            "mean": 0.7245297401578699,
            "std": 0.0008639912939692556
          }
        },
        "Inflammatory": {
          "pq": {
            "mean": 0.5800797123381196,
            "std": 0.0029930741044380603
          },
          "dq": {
            "mean": 0.7015867485080988,
            "std": 0.0031908017464945026
          },
          "sq": {
            "mean": 0.8268091579080206,
            "std": 0.0009081595476123883
          }
        },
        "Epithelium": {
          "pq": {
            "mean": 0.5105968531737195,
            "std": 0.002223820271466871
          },
          "dq": {
            "mean": 0.6588925796933299,
            "std": 0.002860776721899842
          },
          "sq": {
            "mean": 0.7749318488550851,
            "std": 0.00021540761881225047
          }
        },
        "Spindle-Shaped": {
          "pq": {
            "mean": 0.43311053897134677,
            "std": 0.0028469862622779304
          },
          "dq": {
            "mean": 0.5796363839170204,
            "std": 0.003751761699211016
          },
          "sq": {
            "mean": 0.7472103394272225,
            "std": 0.00037492531662725183
          }
        }
      }
    }
  }
}
