{
  "Global F1 Score": {
    "mean": 0.8521767258644104,
    "sd": 0.0041694116275198005
  },
  "Global Precision": {
    "mean": 0.7893149018287658,
    "sd": 0.007888876034809568
  },
  "Global Recall": {
    "mean": 0.9260368585586548,
    "sd": 0.007387551023330382
  },
  "Global Accuracy": {
    "mean": 0.8199436664581299,
    "sd": 0.005796627241662333
  },
  "Global AUROC": {
    "mean": 0.910047960281372,
    "sd": 0.0039295102357491144
  },
  "BC Precision": {
    "mean": 0.6621599999999999,
    "sd": 0.005360447742493169
  },
  "BC Recall": {
    "mean": 0.5756,
    "sd": 0.014091273895570989
  },
  "BC F1 Score": {
    "mean": 0.6157,
    "sd": 0.007210547829395494
  },
  "TC Precision": {
    "mean": 0.6904999999999999,
    "sd": 0.008846242140027598
  },
  "TC Recall": {
    "mean": 0.7480800000000001,
    "sd": 0.005535846818689993
  },
  "TC F1 Score": {
    "mean": 0.7181,
    "sd": 0.004137148776633466
  },
  "Mean F1 Score": {
    "mean": 0.6669,
    "sd": 0.005448210715455129
  }
}
