{
  "cellvit_scores": {
    "F1": {
      "mean": 0.7703041760251617,
      "std": 0.0
    },
    "Prec": {
      "mean": 0.8832641121519952,
      "std": 0.0
    },
    "Rec": {
      "mean": 0.695454830249982,
      "std": 0.0
    }
  },
  "classifier": {
    "global": {
      "F1": {
        "mean": 0.7838324189186097,
        "std": 0.009140105712161025
      },
      "Prec": {
        "mean": 0.7838324189186097,
        "std": 0.009140105712161025
      },
      "Rec": {
        "mean": 0.7838324189186097,
        "std": 0.009140105712161025
      },
      "Acc": {
        "mean": 0.7838324189186097,
        "std": 0.009140105712161025
      },
      "Auroc": {
        "mean": 0.861293375492096,
        "std": 0.005831758033529561
      },
      "AP": {
        "mean": 0.7925384521484375,
        "std": 0.004131857423747819
      }
    }
  },
  "pipeline": {
    "detection_scores_tia": {
      "binary": {
        "f1": {
          "mean": 0.7757627741698321,
          "std": 0.0
        },
        "prec": {
          "mean": 0.6958672235656188,
          "std": 0.0
        },
        "rec": {
          "mean": 0.8763842746400886,
          "std": 0.0
        }
      },
      "cell_types": {
        "other": {
          "f1": {
            "mean": 0.5700024746931366,
            "std": 0.006670041581993076
          },
          "prec": {
            "mean": 0.5403227955718124,
            "std": 0.016371432192488336
          },
          "rec": {
            "mean": 0.6047223157859678,
            "std": 0.026390416187585832
          }
        },
        "lymphocyte": {
          "f1": {
            "mean": 0.39503039696801,
            "std": 0.017791822237636156
          },
          "prec": {
            "mean": 0.33190317857108464,
            "std": 0.01727991468499811
          },
          "rec": {
            "mean": 0.4949319531581667,
            "std": 0.06492526902556943
          }
        }
      }
    },
    "scores_ocelot": {
      "Pre/other": {
        "mean": 0.76352,
        "std": 0.01803323598248523
      },
      "Rec/other": {
        "mean": 0.9159599999999999,
        "std": 0.02087645563787109
      },
      "F1/other": {
        "mean": 0.83238,
        "std": 0.004619696959758315
      },
      "Pre/lymphocyte": {
        "mean": 0.555,
        "std": 0.03707279325866882
      },
      "Rec/lymphocyte": {
        "mean": 0.79498,
        "std": 0.04676898117342307
      },
      "F1/lymphocyte": {
        "mean": 0.6516,
        "std": 0.019552391158116696
      },
      "mF1": {
        "mean": 0.74199,
        "std": 0.011252928507726315
      }
    }
  }
}
