{
  "Global F1 Score": {
    "mean": 0.8323935747146607,
    "sd": 0.0019191898525609294
  },
  "Global Precision": {
    "mean": 0.7683453917503357,
    "sd": 0.0057965590742451705
  },
  "Global Recall": {
    "mean": 0.9081636667251587,
    "sd": 0.004511980124967187
  },
  "Global Accuracy": {
    "mean": 0.7977258801460266,
    "sd": 0.0034794185820372046
  },
  "Global AUROC": {
    "mean": 0.8757782459259034,
    "sd": 0.0026077652088424227
  },
  "BC Precision": {
    "mean": 0.6071199999999999,
    "sd": 0.0026430285658690846
  },
  "BC Recall": {
    "mean": 0.5782999999999999,
    "sd": 0.011500086956192968
  },
  "BC F1 Score": {
    "mean": 0.59226,
    "sd": 0.005103175481991569
  },
  "TC Precision": {
    "mean": 0.63046,
    "sd": 0.005718950952753477
  },
  "TC Recall": {
    "mean": 0.7691399999999999,
    "sd": 0.003790831043452085
  },
  "TC F1 Score": {
    "mean": 0.6929000000000001,
    "sd": 0.0022378561169119067
  },
  "Mean F1 Score": {
    "mean": 0.6425799999999999,
    "sd": 0.0036095152029047045
  }
}
