{
  "cellvit_scores": {
    "F1": {
      "mean": 0.7689866510773234,
      "std": 0.0
    },
    "Prec": {
      "mean": 0.873470412276981,
      "std": 1.1102230246251565e-16
    },
    "Rec": {
      "mean": 0.7004049116847819,
      "std": 0.0
    }
  },
  "classifier": {
    "global": {
      "F1": {
        "mean": 0.8568870782852173,
        "std": 0.00447263096494384
      },
      "Prec": {
        "mean": 0.8568870782852173,
        "std": 0.00447263096494384
      },
      "Rec": {
        "mean": 0.8568870782852173,
        "std": 0.00447263096494384
      },
      "Acc": {
        "mean": 0.8568870782852173,
        "std": 0.00447263096494384
      },
      "Auroc": {
        "mean": 0.9603426456451416,
        "std": 0.003809422064006385
      },
      "AP": {
        "mean": 0.8670363426208496,
        "std": 0.013086520775035299
      }
    }
  },
  "pipeline": {
    "detection_scores_tia": {
      "binary": {
        "f1": {
          "mean": 0.7758908170196999,
          "std": 0.0
        },
        "prec": {
          "mean": 0.7004125320548557,
          "std": 0.0
        },
        "rec": {
          "mean": 0.8696013289036545,
          "std": 0.0
        }
      },
      "cell_types": {
        "tumor_any": {
          "f1": {
            "mean": 0.6652421955320498,
            "std": 0.005147340918908617
          },
          "prec": {
            "mean": 0.6010289654516212,
            "std": 0.015259112720071626
          },
          "rec": {
            "mean": 0.7460653997488509,
            "std": 0.023562255309205485
          }
        },
        "nonTIL_stromal": {
          "f1": {
            "mean": 0.4014979500968554,
            "std": 0.009917726214417357
          },
          "prec": {
            "mean": 0.3705407972205261,
            "std": 0.016060132695515927
          },
          "rec": {
            "mean": 0.44181842077491806,
            "std": 0.03865486724183847
          }
        },
        "sTIL": {
          "f1": {
            "mean": 0.674303621380344,
            "std": 0.006005131928969575
          },
          "prec": {
            "mean": 0.5945347958002951,
            "std": 0.02145704994470202
          },
          "rec": {
            "mean": 0.7812068627541072,
            "std": 0.030666737083738398
          }
        },
        "other_nucleus": {
          "f1": {
            "mean": 0.38782496905870384,
            "std": 0.04970493710319334
          },
          "prec": {
            "mean": 0.6872961014789136,
            "std": 0.08614134570824122
          },
          "rec": {
            "mean": 0.27572426396544913,
            "std": 0.05482513841942678
          }
        }
      }
    },
    "scores_ocelot": {
      "Pre/tumor_any": {
        "mean": 0.7286400000000001,
        "std": 0.013436457866565858
      },
      "Rec/tumor_any": {
        "mean": 0.9037000000000001,
        "std": 0.014710676395054056
      },
      "F1/tumor_any": {
        "mean": 0.8065599999999999,
        "std": 0.0033950552278276805
      },
      "Pre/nonTIL_stromal": {
        "mean": 0.64904,
        "std": 0.029152056531229514
      },
      "Rec/nonTIL_stromal": {
        "mean": 0.80206,
        "std": 0.03614983264138299
      },
      "F1/nonTIL_stromal": {
        "mean": 0.71608,
        "std": 0.005511224909219381
      },
      "Pre/sTIL": {
        "mean": 0.7217199999999999,
        "std": 0.025267006154271607
      },
      "Rec/sTIL": {
        "mean": 0.94482,
        "std": 0.012389091976412143
      },
      "F1/sTIL": {
        "mean": 0.81788,
        "std": 0.01206754324624529
      },
      "Pre/other_nucleus": {
        "mean": 0.8311999999999999,
        "std": 0.06742067932022046
      },
      "Rec/other_nucleus": {
        "mean": 0.45986000000000005,
        "std": 0.07391418267152795
      },
      "F1/other_nucleus": {
        "mean": 0.58698,
        "std": 0.05729329454656978
      },
      "mF1": {
        "mean": 0.7318749999999999,
        "std": 0.014211245547101028
      }
    }
  }
}
