{
  "cellvit_scores": {
    "F1": {
      "mean": 0.7787618479052221,
      "std": 0.0
    },
    "Prec": {
      "mean": 0.7666388097812087,
      "std": 0.0
    },
    "Rec": {
      "mean": 0.7974664137768235,
      "std": 0.0
    }
  },
  "classifier": {
    "global": {
      "F1": {
        "mean": 0.8820414066314697,
        "std": 0.0067605888023909485
      },
      "Prec": {
        "mean": 0.8820414066314697,
        "std": 0.0067605888023909485
      },
      "Rec": {
        "mean": 0.8820414066314697,
        "std": 0.0067605888023909485
      },
      "Acc": {
        "mean": 0.8820414066314697,
        "std": 0.0067605888023909485
      },
      "Auroc": {
        "mean": 0.9724940896034241,
        "std": 0.0010289976626375178
      },
      "AP": {
        "mean": 0.9256576180458069,
        "std": 0.00310036026066064
      }
    }
  },
  "pipeline": {
    "segmentation_scores": {
      "binary": {
        "dice": {
          "mean": 0.8447450118001756,
          "std": 0.0
        },
        "fast_aji": {
          "mean": 0.5776229057377051,
          "std": 0.0
        },
        "fast_aji_plus": {
          "mean": 0.6080960594268857,
          "std": 0.0
        }
      }
    },
    "detection_scores": {
      "binary": {
        "f1": {
          "mean": 0.7724769578575155,
          "std": 0.0
        },
        "prec": {
          "mean": 0.7859164897381458,
          "std": 0.0
        },
        "rec": {
          "mean": 0.7594893423002393,
          "std": 0.0
        }
      },
      "cell_types": {
        "Miscellaneous": {
          "f1": {
            "mean": 0.5609035478032216,
            "std": 0.039848248768723164
          },
          "prec": {
            "mean": 0.7709642096717664,
            "std": 0.03707701386952464
          },
          "rec": {
            "mean": 0.4438433975967545,
            "std": 0.0485308731910456
          }
        },
        "Inflammatory": {
          "f1": {
            "mean": 0.5865537531916934,
            "std": 0.024219213512733154
          },
          "prec": {
            "mean": 0.6793591269281296,
            "std": 0.043266402194807076
          },
          "rec": {
            "mean": 0.5234327063623683,
            "std": 0.06158657920848597
          }
        },
        "Epithelium": {
          "f1": {
            "mean": 0.6942665550483433,
            "std": 0.004595408019395364
          },
          "prec": {
            "mean": 0.6758345547193712,
            "std": 0.011912612358318333
          },
          "rec": {
            "mean": 0.7139624121434771,
            "std": 0.0063784208121824984
          }
        },
        "Spindle-Shaped": {
          "f1": {
            "mean": 0.5886814355499169,
            "std": 0.002686474111165634
          },
          "prec": {
            "mean": 0.5713671453475331,
            "std": 0.02353610723643215
          },
          "rec": {
            "mean": 0.6091687004133296,
            "std": 0.0247037687565159
          }
        }
      }
    },
    "pq_scores": {
      "binary": {
        "pq": {
          "mean": 0.5481970297015736,
          "std": 0.0
        },
        "dq": {
          "mean": 0.7089749373687997,
          "std": 0.0
        },
        "sq": {
          "mean": 0.7711988905936644,
          "std": 0.0
        }
      },
      "mean": {
        "pq": {
          "mean": 0.40221631003257335,
          "std": 0.0057114252693981635
        },
        "dq": {
          "mean": 0.5132329034439022,
          "std": 0.00750635980494471
        },
        "sq": {
          "mean": 0.6849959882505678,
          "std": 0.001708570379755649
        }
      },
      "mean+": {
        "pq": {
          "mean": 0.46989320491742925,
          "std": 0.006308718035686287
        },
        "dq": {
          "mean": 0.6079627621202466,
          "std": 0.008449499884561647
        },
        "sq": {
          "mean": 0.7678689064938192,
          "std": 0.0006326190169638539
        }
      },
      "cell_types+": {
        "Miscellaneous": {
          "pq": {
            "mean": 0.3492190974185651,
            "std": 0.015144475406976486
          },
          "dq": {
            "mean": 0.4825471208269304,
            "std": 0.020135369816354325
          },
          "sq": {
            "mean": 0.7236472324093383,
            "std": 0.001605975807504809
          }
        },
        "Inflammatory": {
          "pq": {
            "mean": 0.5844952546681289,
            "std": 0.011782718393941845
          },
          "dq": {
            "mean": 0.7081077480592762,
            "std": 0.01582342186139254
          },
          "sq": {
            "mean": 0.8254739507761771,
            "std": 0.0020236069840183697
          }
        },
        "Epithelium": {
          "pq": {
            "mean": 0.5114955821970697,
            "std": 0.0018959761977466307
          },
          "dq": {
            "mean": 0.660021353327916,
            "std": 0.0024721686285216968
          },
          "sq": {
            "mean": 0.774968372449236,
            "std": 0.0002059212968210548
          }
        },
        "Spindle-Shaped": {
          "pq": {
            "mean": 0.4343628853859533,
            "std": 0.00210491928064055
          },
          "dq": {
            "mean": 0.5811748262668635,
            "std": 0.002521544014466349
          },
          "sq": {
            "mean": 0.7473860703405255,
            "std": 0.0005146209520121093
          }
        }
      }
    }
  }
}
