{
  "pipeline": {
    "segmentation_scores": {
      "binary": {
        "dice": {
          "mean": 0.7672513071791887,
          "std": 0.00458935684377877
        },
        "fast_aji": {
          "mean": 0.5325462115520321,
          "std": 0.006193143356827981
        },
        "fast_aji_plus": {
          "mean": 0.547480530162855,
          "std": 0.0057244589439847515
        }
      }
    },
    "detection_scores": {
      "binary": {
        "f1": {
          "mean": 0.8023855451414265,
          "std": 0.010105008132710917
        },
        "prec": {
          "mean": 0.7474305047510406,
          "std": 0.0024269721845600325
        },
        "rec": {
          "mean": 0.8663244699337626,
          "std": 0.02172222724892109
        }
      },
      "cell_types": {
        "Neutrophil": {
          "f1": {
            "mean": 0.05200272631734328,
            "std": 0.019499131509599848
          },
          "prec": {
            "mean": 0.11367921617357007,
            "std": 0.021011294114763598
          },
          "rec": {
            "mean": 0.037330291165345676,
            "std": 0.01725096822553513
          }
        },
        "Epithelial": {
          "f1": {
            "mean": 0.6430230655208399,
            "std": 0.008801065871227396
          },
          "prec": {
            "mean": 0.6064425114350938,
            "std": 0.031102074990414105
          },
          "rec": {
            "mean": 0.6872404662800354,
            "std": 0.027706057603543704
          }
        },
        "Lymphocyte": {
          "f1": {
            "mean": 0.5375374344167901,
            "std": 0.021533197274871317
          },
          "prec": {
            "mean": 0.46709811311489274,
            "std": 0.015412282321532354
          },
          "rec": {
            "mean": 0.6337186858867233,
            "std": 0.03701198888513883
          }
        },
        "Plasma": {
          "f1": {
            "mean": 0.17706774993094823,
            "std": 0.033566449254605744
          },
          "prec": {
            "mean": 0.28701483692831237,
            "std": 0.029637041351378575
          },
          "rec": {
            "mean": 0.13190116256481188,
            "std": 0.0378932010794555
          }
        },
        "Eosinophil": {
          "f1": {
            "mean": 0.05444812611272019,
            "std": 0.017434270084810567
          },
          "prec": {
            "mean": 0.1458140542156427,
            "std": 0.025796116889135273
          },
          "rec": {
            "mean": 0.03366340529957448,
            "std": 0.011897359229147779
          }
        },
        "Connective tissue": {
          "f1": {
            "mean": 0.44033623108219855,
            "std": 0.0073080888312627695
          },
          "prec": {
            "mean": 0.401230626458736,
            "std": 0.035500180103831554
          },
          "rec": {
            "mean": 0.49693282084214624,
            "std": 0.04675373218224145
          }
        }
      }
    },
    "pq_scores": {
      "binary": {
        "pq": {
          "mean": 0.5132114678991115,
          "std": 0.01051994598424309
        },
        "dq": {
          "mean": 0.6943737344233893,
          "std": 0.013969533864184997
        },
        "sq": {
          "mean": 0.7375319636247758,
          "std": 0.0020601532685451847
        }
      },
      "mean": {
        "pq": {
          "mean": 0.245380733613998,
          "std": 0.006132137743844704
        },
        "dq": {
          "mean": 0.3319981832542785,
          "std": 0.00862409123278438
        },
        "sq": {
          "mean": 0.5533294171593365,
          "std": 0.006289035839694886
        }
      },
      "mean+": {
        "pq": {
          "mean": 0.24610609511708859,
          "std": 0.0019061136577020643
        },
        "dq": {
          "mean": 0.33554078911799673,
          "std": 0.005771768912437975
        },
        "sq": {
          "mean": 0.7233394121712463,
          "std": 0.004906349932151767
        }
      },
      "cell_types+": {
        "Neutrophil": {
          "pq": {
            "mean": 0.041256093837721254,
            "std": 0.013925957547368844
          },
          "dq": {
            "mean": 0.0581006629624001,
            "std": 0.019858473952392312
          },
          "sq": {
            "mean": 0.712414205506017,
            "std": 0.01214472619528605
          }
        },
        "Epithelial": {
          "pq": {
            "mean": 0.4656598811171779,
            "std": 0.007226587654522743
          },
          "dq": {
            "mean": 0.6172891180343777,
            "std": 0.009326955977879036
          },
          "sq": {
            "mean": 0.7543600916282706,
            "std": 0.0019181661010354365
          }
        },
        "Lymphocyte": {
          "pq": {
            "mean": 0.43713799019010896,
            "std": 0.03152749446408222
          },
          "dq": {
            "mean": 0.6135927791238006,
            "std": 0.025732349298448774
          },
          "sq": {
            "mean": 0.7115320965102692,
            "std": 0.02137238893552177
          }
        },
        "Plasma": {
          "pq": {
            "mean": 0.13352962725205578,
            "std": 0.02805490703857523
          },
          "dq": {
            "mean": 0.1913177969083132,
            "std": 0.04115633849629384
          },
          "sq": {
            "mean": 0.698676282020163,
            "std": 0.0035930812846421754
          }
        },
        "Eosinophil": {
          "pq": {
            "mean": 0.037182694022214774,
            "std": 0.005148786500724115
          },
          "dq": {
            "mean": 0.052309273099699904,
            "std": 0.006796380344248172
          },
          "sq": {
            "mean": 0.7101341920278003,
            "std": 0.007687852596140199
          }
        },
        "Connective tissue": {
          "pq": {
            "mean": 0.3618702842832528,
            "std": 0.006462329268265041
          },
          "dq": {
            "mean": 0.48063510457938907,
            "std": 0.008724528073542884
          },
          "sq": {
            "mean": 0.7529196053349582,
            "std": 0.004683647108075481
          }
        }
      }
    }
  }
}
