{
  "cellvit_scores": {
    "F1": {
      "mean": 0.7787618479052221,
      "std": 0.0
    },
    "Prec": {
      "mean": 0.7666388097812087,
      "std": 0.0
    },
    "Rec": {
      "mean": 0.7974664137768235,
      "std": 0.0
    }
  },
  "classifier": {
    "global": {
      "F1": {
        "mean": 0.867071008682251,
        "std": 0.01146067020363056
      },
      "Prec": {
        "mean": 0.867071008682251,
        "std": 0.01146067020363056
      },
      "Rec": {
        "mean": 0.867071008682251,
        "std": 0.01146067020363056
      },
      "Acc": {
        "mean": 0.867071008682251,
        "std": 0.01146067020363056
      },
      "Auroc": {
        "mean": 0.969347620010376,
        "std": 0.0023386858998668196
      },
      "AP": {
        "mean": 0.9182696461677551,
        "std": 0.003471320437357974
      }
    }
  },
  "pipeline": {
    "segmentation_scores": {
      "binary": {
        "dice": {
          "mean": 0.8447450118001756,
          "std": 0.0
        },
        "fast_aji": {
          "mean": 0.5776229057377051,
          "std": 0.0
        },
        "fast_aji_plus": {
          "mean": 0.6080960594268857,
          "std": 0.0
        }
      }
    },
    "detection_scores": {
      "binary": {
        "f1": {
          "mean": 0.7724769578575155,
          "std": 0.0
        },
        "prec": {
          "mean": 0.7859164897381458,
          "std": 0.0
        },
        "rec": {
          "mean": 0.7594893423002393,
          "std": 0.0
        }
      },
      "cell_types": {
        "Miscellaneous": {
          "f1": {
            "mean": 0.5509732673649383,
            "std": 0.03175102463083099
          },
          "prec": {
            "mean": 0.7541465904043,
            "std": 0.06337259466747544
          },
          "rec": {
            "mean": 0.4380011971012826,
            "std": 0.04136712286412553
          }
        },
        "Inflammatory": {
          "f1": {
            "mean": 0.5323136442397836,
            "std": 0.05636739680688554
          },
          "prec": {
            "mean": 0.709268598319572,
            "std": 0.05045971813295011
          },
          "rec": {
            "mean": 0.43783897328950283,
            "std": 0.08648392605496624
          }
        },
        "Epithelium": {
          "f1": {
            "mean": 0.6870469619180041,
            "std": 0.008882032955748149
          },
          "prec": {
            "mean": 0.6741867858958084,
            "std": 0.017061637646444333
          },
          "rec": {
            "mean": 0.7007744942117187,
            "std": 0.00990287904650094
          }
        },
        "Spindle-Shaped": {
          "f1": {
            "mean": 0.5782816872886339,
            "std": 0.01158907614339625
          },
          "prec": {
            "mean": 0.5367188499667612,
            "std": 0.037902991790690385
          },
          "rec": {
            "mean": 0.631651093547929,
            "std": 0.03138596574297682
          }
        }
      }
    },
    "pq_scores": {
      "binary": {
        "pq": {
          "mean": 0.5481970297015736,
          "std": 0.0
        },
        "dq": {
          "mean": 0.7089749373687997,
          "std": 0.0
        },
        "sq": {
          "mean": 0.7711988905936644,
          "std": 0.0
        }
      },
      "mean": {
        "pq": {
          "mean": 0.3980179149539973,
          "std": 0.007686274492445386
        },
        "dq": {
          "mean": 0.507406692649592,
          "std": 0.01004286114563399
        },
        "sq": {
          "mean": 0.6848752447617661,
          "std": 0.0013830391654696046
        }
      },
      "mean+": {
        "pq": {
          "mean": 0.45911713243293023,
          "std": 0.008383734486730495
        },
        "dq": {
          "mean": 0.5935389352169294,
          "std": 0.010770945853298991
        },
        "sq": {
          "mean": 0.769114307087945,
          "std": 0.0010904404160040223
        }
      },
      "cell_types+": {
        "Miscellaneous": {
          "pq": {
            "mean": 0.34377404155168517,
            "std": 0.013083380931069345
          },
          "dq": {
            "mean": 0.47545404168762745,
            "std": 0.01789189028651343
          },
          "sq": {
            "mean": 0.7230330247471841,
            "std": 0.001030453523401668
          }
        },
        "Inflammatory": {
          "pq": {
            "mean": 0.552754907492779,
            "std": 0.03511197127593523
          },
          "dq": {
            "mean": 0.666063039833688,
            "std": 0.04529076229717687
          },
          "sq": {
            "mean": 0.8301541350900463,
            "std": 0.004053969730333691
          }
        },
        "Epithelium": {
          "pq": {
            "mean": 0.5093286982690175,
            "std": 0.0036765033145332465
          },
          "dq": {
            "mean": 0.6568096414133556,
            "std": 0.004707535140878353
          },
          "sq": {
            "mean": 0.7754584453952583,
            "std": 0.00042130766666289356
          }
        },
        "Spindle-Shaped": {
          "pq": {
            "mean": 0.43061088241823925,
            "std": 0.005171244347739403
          },
          "dq": {
            "mean": 0.5758290179330462,
            "std": 0.0069866616175229155
          },
          "sq": {
            "mean": 0.7478116231192915,
            "std": 0.0005182264901394905
          }
        }
      }
    }
  }
}
