{
  "precision": {
    "mean": 0.6424872960033003,
    "std": 0.034416325395617314
  },
  "recall": {
    "mean": 0.5620591809638997,
    "std": 0.030399243263794815
  },
  "f1_score": {
    "mean": 0.5978995740605726,
    "std": 0.006416292333311688
  },
  "mAP": {
    "mean": 0.45645569562911986,
    "std": 0.01349506493129038
  },
  "human breast cancer_precision": {
    "mean": 0.7711276565991175,
    "std": 0.04274129759555341
  },
  "human breast cancer_recall": {
    "mean": 0.48731563278077983,
    "std": 0.026476466791888736
  },
  "human breast cancer_f1": {
    "mean": 0.5956441304927733,
    "std": 0.01176272393378805
  },
  "human breast cancer_mAP": {
    "mean": 0.4521005392074585,
    "std": 0.02658925426736319
  },
  "canine lung cancer_precision": {
    "mean": 0.42290927937730904,
    "std": 0.05643389437658776
  },
  "canine lung cancer_recall": {
    "mean": 0.43738317552624684,
    "std": 0.021229563810330164
  },
  "canine lung cancer_f1": {
    "mean": 0.4268198579188204,
    "std": 0.022420556290326746
  },
  "canine lung cancer_mAP": {
    "mean": 0.34980671405792235,
    "std": 0.01318508975227647
  },
  "canine lymphoma_precision": {
    "mean": 0.588836615360579,
    "std": 0.03854389316022834
  },
  "canine lymphoma_recall": {
    "mean": 0.5735714278886055,
    "std": 0.04520926394174132
  },
  "canine lymphoma_f1": {
    "mean": 0.578223265062172,
    "std": 0.010515152788435069
  },
  "canine lymphoma_mAP": {
    "mean": 0.4391506969928741,
    "std": 0.013550255016280864
  },
  "canine cutaneous mast cell tumor_precision": {
    "mean": 0.727293900862888,
    "std": 0.0351784033848282
  },
  "canine cutaneous mast cell tumor_recall": {
    "mean": 0.6843177175472145,
    "std": 0.02605014569899272
  },
  "canine cutaneous mast cell tumor_f1": {
    "mean": 0.7039136066208316,
    "std": 0.007341744163904461
  },
  "canine cutaneous mast cell tumor_mAP": {
    "mean": 0.5228658556938172,
    "std": 0.009745280099073494
  },
  "human neuroendocrine tumor_precision": {
    "mean": 0.5429069223375947,
    "std": 0.07307044553330219
  },
  "human neuroendocrine tumor_recall": {
    "mean": 0.47826086540642726,
    "std": 0.06294595100343994
  },
  "human neuroendocrine tumor_f1": {
    "mean": 0.49966993183500585,
    "std": 0.004462293572786058
  },
  "human neuroendocrine tumor_mAP": {
    "mean": 0.386600136756897,
    "std": 0.03771110594627701
  },
  "canine soft tissue sarcoma_precision": {
    "mean": 0.708495786065726,
    "std": 0.0335910591116016
  },
  "canine soft tissue sarcoma_recall": {
    "mean": 0.47580644969432884,
    "std": 0.04236750156001391
  },
  "canine soft tissue sarcoma_f1": {
    "mean": 0.5667604653354799,
    "std": 0.02113901146202355
  },
  "canine soft tissue sarcoma_mAP": {
    "mean": 0.416337651014328,
    "std": 0.024695667769610664
  },
  "human melanoma_precision": {
    "mean": 0.8259991254571016,
    "std": 0.034182735939657254
  },
  "human melanoma_recall": {
    "mean": 0.6227272698966942,
    "std": 0.032903565433809
  },
  "human melanoma_f1": {
    "mean": 0.7087679855590668,
    "std": 0.015304388410544474
  },
  "human melanoma_mAP": {
    "mean": 0.5732763409614563,
    "std": 0.04764501215321743
  }
}
