{
  "cellvit_scores": {
    "F1": {
      "mean": 0.7787618479052221,
      "std": 0.0
    },
    "Prec": {
      "mean": 0.7666388097812087,
      "std": 0.0
    },
    "Rec": {
      "mean": 0.7974664137768235,
      "std": 0.0
    }
  },
  "classifier": {
    "global": {
      "F1": {
        "mean": 0.8489053249359131,
        "std": 0.01098609436164628
      },
      "Prec": {
        "mean": 0.8489053249359131,
        "std": 0.01098609436164628
      },
      "Rec": {
        "mean": 0.8489053249359131,
        "std": 0.01098609436164628
      },
      "Acc": {
        "mean": 0.8489053249359131,
        "std": 0.01098609436164628
      },
      "Auroc": {
        "mean": 0.9646935939788819,
        "std": 0.002858040529047394
      },
      "AP": {
        "mean": 0.889460289478302,
        "std": 0.028975936275738228
      }
    }
  },
  "pipeline": {
    "segmentation_scores": {
      "binary": {
        "dice": {
          "mean": 0.8447450118001756,
          "std": 0.0
        },
        "fast_aji": {
          "mean": 0.5776229057377051,
          "std": 0.0
        },
        "fast_aji_plus": {
          "mean": 0.6080960594268857,
          "std": 0.0
        }
      }
    },
    "detection_scores": {
      "binary": {
        "f1": {
          "mean": 0.7724769578575155,
          "std": 0.0
        },
        "prec": {
          "mean": 0.7859164897381458,
          "std": 0.0
        },
        "rec": {
          "mean": 0.7594893423002393,
          "std": 0.0
        }
      },
      "cell_types": {
        "Miscellaneous": {
          "f1": {
            "mean": 0.46212475746413045,
            "std": 0.10515156332175274
          },
          "prec": {
            "mean": 0.5912423625000679,
            "std": 0.07743885612974648
          },
          "rec": {
            "mean": 0.39270241081610385,
            "std": 0.11689577920339096
          }
        },
        "Inflammatory": {
          "f1": {
            "mean": 0.5019371018745538,
            "std": 0.03074634094039117
          },
          "prec": {
            "mean": 0.7202131006008636,
            "std": 0.03181166147718247
          },
          "rec": {
            "mean": 0.3885849337911805,
            "std": 0.04498944794797651
          }
        },
        "Epithelium": {
          "f1": {
            "mean": 0.6727155149794488,
            "std": 0.011247441490429238
          },
          "prec": {
            "mean": 0.6618896257250204,
            "std": 0.02825296783392751
          },
          "rec": {
            "mean": 0.6850952570069468,
            "std": 0.014093552166590476
          }
        },
        "Spindle-Shaped": {
          "f1": {
            "mean": 0.5677009957079733,
            "std": 0.006017001569572578
          },
          "prec": {
            "mean": 0.5148420036443027,
            "std": 0.02084236093527835
          },
          "rec": {
            "mean": 0.6342695822656762,
            "std": 0.01766215069882652
          }
        }
      }
    },
    "pq_scores": {
      "binary": {
        "pq": {
          "mean": 0.5481970297015736,
          "std": 0.0
        },
        "dq": {
          "mean": 0.7089749373687997,
          "std": 0.0
        },
        "sq": {
          "mean": 0.7711988905936644,
          "std": 0.0
        }
      },
      "mean": {
        "pq": {
          "mean": 0.37560162061710173,
          "std": 0.007013066379483462
        },
        "dq": {
          "mean": 0.4801291071448839,
          "std": 0.007799193050345069
        },
        "sq": {
          "mean": 0.6721487862498867,
          "std": 0.02006101668838707
        }
      },
      "mean+": {
        "pq": {
          "mean": 0.4409582902214825,
          "std": 0.015377030268795968
        },
        "dq": {
          "mean": 0.5693814141126703,
          "std": 0.02123202110802082
        },
        "sq": {
          "mean": 0.7695256545485385,
          "std": 0.0009635517587661348
        }
      },
      "cell_types+": {
        "Miscellaneous": {
          "pq": {
            "mean": 0.30392536223104016,
            "std": 0.05169560970718745
          },
          "dq": {
            "mean": 0.41955516571508883,
            "std": 0.07204723640581916
          },
          "sq": {
            "mean": 0.724710311115124,
            "std": 0.0029563188714916886
          }
        },
        "Inflammatory": {
          "pq": {
            "mean": 0.5307730941835753,
            "std": 0.019957570343703046
          },
          "dq": {
            "mean": 0.6392018706597902,
            "std": 0.025870794683837385
          },
          "sq": {
            "mean": 0.8304650289790814,
            "std": 0.0025088514375008137
          }
        },
        "Epithelium": {
          "pq": {
            "mean": 0.5027692572322706,
            "std": 0.005690737196774338
          },
          "dq": {
            "mean": 0.6484505672878184,
            "std": 0.007017089971734411
          },
          "sq": {
            "mean": 0.7753352063177178,
            "std": 0.0004689488724091606
          }
        },
        "Spindle-Shaped": {
          "pq": {
            "mean": 0.426365447239044,
            "std": 0.0026592383847461247
          },
          "dq": {
            "mean": 0.5703180527879838,
            "std": 0.003497253804301563
          },
          "sq": {
            "mean": 0.7475920717822305,
            "std": 0.00048104191844188345
          }
        }
      }
    }
  }
}
