{
  "cellvit_scores": {
    "F1": {
      "mean": 0.7787618479052221,
      "std": 0.0
    },
    "Prec": {
      "mean": 0.7666388097812087,
      "std": 0.0
    },
    "Rec": {
      "mean": 0.7974664137768235,
      "std": 0.0
    }
  },
  "classifier": {
    "global": {
      "F1": {
        "mean": 0.877603542804718,
        "std": 0.004761922287739659
      },
      "Prec": {
        "mean": 0.877603542804718,
        "std": 0.004761922287739659
      },
      "Rec": {
        "mean": 0.877603542804718,
        "std": 0.004761922287739659
      },
      "Acc": {
        "mean": 0.877603542804718,
        "std": 0.004761922287739659
      },
      "Auroc": {
        "mean": 0.9700200200080872,
        "std": 0.0009804324587227675
      },
      "AP": {
        "mean": 0.9200924396514892,
        "std": 0.0019216252160971451
      }
    }
  },
  "pipeline": {
    "segmentation_scores": {
      "binary": {
        "dice": {
          "mean": 0.8447450118001756,
          "std": 0.0
        },
        "fast_aji": {
          "mean": 0.5776229057377051,
          "std": 0.0
        },
        "fast_aji_plus": {
          "mean": 0.6080960594268857,
          "std": 0.0
        }
      }
    },
    "detection_scores": {
      "binary": {
        "f1": {
          "mean": 0.7724769578575155,
          "std": 0.0
        },
        "prec": {
          "mean": 0.7859164897381458,
          "std": 0.0
        },
        "rec": {
          "mean": 0.7594893423002393,
          "std": 0.0
        }
      },
      "cell_types": {
        "Miscellaneous": {
          "f1": {
            "mean": 0.5656842880358415,
            "std": 0.015484807124444118
          },
          "prec": {
            "mean": 0.7847587915569455,
            "std": 0.020618947974038987
          },
          "rec": {
            "mean": 0.44288081548287617,
            "std": 0.020878106791179147
          }
        },
        "Inflammatory": {
          "f1": {
            "mean": 0.5707564143030296,
            "std": 0.026286442281071166
          },
          "prec": {
            "mean": 0.6826549384538645,
            "std": 0.037713588807286
          },
          "rec": {
            "mean": 0.49677093275436945,
            "std": 0.05984719249367637
          }
        },
        "Epithelium": {
          "f1": {
            "mean": 0.6919146603357529,
            "std": 0.0029054619035977806
          },
          "prec": {
            "mean": 0.6731962239119813,
            "std": 0.006154549174572147
          },
          "rec": {
            "mean": 0.711765712501274,
            "std": 0.004194088573108545
          }
        },
        "Spindle-Shaped": {
          "f1": {
            "mean": 0.5848327705537961,
            "std": 0.0016002208206645073
          },
          "prec": {
            "mean": 0.560346507082142,
            "std": 0.022911020339426047
          },
          "rec": {
            "mean": 0.6136291188999787,
            "std": 0.02431607635101631
          }
        }
      }
    },
    "pq_scores": {
      "binary": {
        "pq": {
          "mean": 0.5481970297015736,
          "std": 0.0
        },
        "dq": {
          "mean": 0.7089749373687997,
          "std": 0.0
        },
        "sq": {
          "mean": 0.7711988905936644,
          "std": 0.0
        }
      },
      "mean": {
        "pq": {
          "mean": 0.40253435623391687,
          "std": 0.005737958445520554
        },
        "dq": {
          "mean": 0.5137897880417535,
          "std": 0.007610371501177067
        },
        "sq": {
          "mean": 0.6815704758772831,
          "std": 0.006310546114498003
        }
      },
      "mean+": {
        "pq": {
          "mean": 0.4672850926979765,
          "std": 0.003436199218747194
        },
        "dq": {
          "mean": 0.6047705255242086,
          "std": 0.004505219050295349
        },
        "sq": {
          "mean": 0.7678511126066846,
          "std": 0.0007867260529962693
        }
      },
      "cell_types+": {
        "Miscellaneous": {
          "pq": {
            "mean": 0.3507635557610701,
            "std": 0.00759058833228616
          },
          "dq": {
            "mean": 0.4852902052353355,
            "std": 0.009576519857593026
          },
          "sq": {
            "mean": 0.722764896653566,
            "std": 0.0018220643904823498
          }
        },
        "Inflammatory": {
          "pq": {
            "mean": 0.5758101232717283,
            "std": 0.015238598725142312
          },
          "dq": {
            "mean": 0.6969481364742355,
            "std": 0.01979048981183032
          },
          "sq": {
            "mean": 0.8262332759867039,
            "std": 0.0016169931706128677
          }
        },
        "Epithelium": {
          "pq": {
            "mean": 0.5098815174068279,
            "std": 0.0007814861829960023
          },
          "dq": {
            "mean": 0.6580926749185618,
            "std": 0.0010715828329768177
          },
          "sq": {
            "mean": 0.7747869287866799,
            "std": 0.00013625500162026645
          }
        },
        "Spindle-Shaped": {
          "pq": {
            "mean": 0.43268517435227977,
            "std": 0.0005166494974990152
          },
          "dq": {
            "mean": 0.5787510854687021,
            "std": 0.0009371539565459426
          },
          "sq": {
            "mean": 0.747619348999789,
            "std": 0.00044540214393666837
          }
        }
      }
    }
  }
}
