{
  "cellvit_scores": {
    "F1": {
      "mean": 0.7787618479052221,
      "std": 0.0
    },
    "Prec": {
      "mean": 0.7666388097812087,
      "std": 0.0
    },
    "Rec": {
      "mean": 0.7974664137768235,
      "std": 0.0
    }
  },
  "classifier": {
    "global": {
      "F1": {
        "mean": 0.8785503029823303,
        "std": 0.0029865581728526582
      },
      "Prec": {
        "mean": 0.8785503029823303,
        "std": 0.0029865581728526582
      },
      "Rec": {
        "mean": 0.8785503029823303,
        "std": 0.0029865581728526582
      },
      "Acc": {
        "mean": 0.8785503029823303,
        "std": 0.0029865581728526582
      },
      "Auroc": {
        "mean": 0.9703115463256836,
        "std": 0.000668259278187898
      },
      "AP": {
        "mean": 0.9204612374305725,
        "std": 0.002417818415033482
      }
    }
  },
  "pipeline": {
    "segmentation_scores": {
      "binary": {
        "dice": {
          "mean": 0.8447450118001756,
          "std": 0.0
        },
        "fast_aji": {
          "mean": 0.5776229057377051,
          "std": 0.0
        },
        "fast_aji_plus": {
          "mean": 0.6080960594268857,
          "std": 0.0
        }
      }
    },
    "detection_scores": {
      "binary": {
        "f1": {
          "mean": 0.7724769578575155,
          "std": 0.0
        },
        "prec": {
          "mean": 0.7859164897381458,
          "std": 0.0
        },
        "rec": {
          "mean": 0.7594893423002393,
          "std": 0.0
        }
      },
      "cell_types": {
        "Miscellaneous": {
          "f1": {
            "mean": 0.5502436234664898,
            "std": 0.03174436371919879
          },
          "prec": {
            "mean": 0.8035561747702614,
            "std": 0.01935805264889812
          },
          "rec": {
            "mean": 0.41969508339285,
            "std": 0.036714303039065456
          }
        },
        "Inflammatory": {
          "f1": {
            "mean": 0.5841227389897858,
            "std": 0.014449453949962643
          },
          "prec": {
            "mean": 0.6492484945266914,
            "std": 0.029611909180068476
          },
          "rec": {
            "mean": 0.5338389010658554,
            "std": 0.03618585046588086
          }
        },
        "Epithelium": {
          "f1": {
            "mean": 0.6904749849896747,
            "std": 0.005986843261105879
          },
          "prec": {
            "mean": 0.6656556676298712,
            "std": 0.014505515611278573
          },
          "rec": {
            "mean": 0.7174950710301761,
            "std": 0.004110378137887063
          }
        },
        "Spindle-Shaped": {
          "f1": {
            "mean": 0.5847513258672963,
            "std": 0.003385409790292509
          },
          "prec": {
            "mean": 0.5770020745799531,
            "std": 0.016884415964843465
          },
          "rec": {
            "mean": 0.5940877684517047,
            "std": 0.02301897722191563
          }
        }
      }
    },
    "pq_scores": {
      "binary": {
        "pq": {
          "mean": 0.5481970297015736,
          "std": 0.0
        },
        "dq": {
          "mean": 0.7089749373687997,
          "std": 0.0
        },
        "sq": {
          "mean": 0.7711988905936644,
          "std": 0.0
        }
      },
      "mean": {
        "pq": {
          "mean": 0.40623895361725876,
          "std": 0.005344147094049979
        },
        "dq": {
          "mean": 0.5188446672896606,
          "std": 0.006963441282730537
        },
        "sq": {
          "mean": 0.680872001090898,
          "std": 0.004668351205796944
        }
      },
      "mean+": {
        "pq": {
          "mean": 0.46778192477721403,
          "std": 0.0028260011134820357
        },
        "dq": {
          "mean": 0.6053534459392245,
          "std": 0.003766473624358621
        },
        "sq": {
          "mean": 0.7676008685235661,
          "std": 0.0004463787533503758
        }
      },
      "cell_types+": {
        "Miscellaneous": {
          "pq": {
            "mean": 0.34583290751048423,
            "std": 0.013021961990128283
          },
          "dq": {
            "mean": 0.4784663716452773,
            "std": 0.018309885329726983
          },
          "sq": {
            "mean": 0.7228130970955355,
            "std": 0.0011454435490771343
          }
        },
        "Inflammatory": {
          "pq": {
            "mean": 0.5836965222230656,
            "std": 0.009040823952517514
          },
          "dq": {
            "mean": 0.7075031491558968,
            "std": 0.01190446419831902
          },
          "sq": {
            "mean": 0.8250281384875386,
            "std": 0.0012223702642317983
          }
        },
        "Epithelium": {
          "pq": {
            "mean": 0.5093187250522488,
            "std": 0.0027493684239798906
          },
          "dq": {
            "mean": 0.6572640575650924,
            "std": 0.0034966314097929258
          },
          "sq": {
            "mean": 0.7749070046397791,
            "std": 0.00014800108109241561
          }
        },
        "Spindle-Shaped": {
          "pq": {
            "mean": 0.43227954432305743,
            "std": 0.0017178106826777955
          },
          "dq": {
            "mean": 0.5781802053906313,
            "std": 0.00224774662820781
          },
          "sq": {
            "mean": 0.747655233871412,
            "std": 0.0003940011883122682
          }
        }
      }
    }
  }
}
