{
  "Global F1 Score": {
    "mean": 0.852436113357544,
    "sd": 0.0020397163715743793
  },
  "Global Precision": {
    "mean": 0.7875090479850769,
    "sd": 0.004868201754829412
  },
  "Global Recall": {
    "mean": 0.9290692448616028,
    "sd": 0.002703411431106215
  },
  "Global Accuracy": {
    "mean": 0.824478006362915,
    "sd": 0.0031662310208511028
  },
  "Global AUROC": {
    "mean": 0.9166554927825927,
    "sd": 0.002662289978059436
  },
  "BC Precision": {
    "mean": 0.5747399999999999,
    "sd": 0.0024711131095115804
  },
  "BC Recall": {
    "mean": 0.58648,
    "sd": 0.0076198162707509206
  },
  "BC F1 Score": {
    "mean": 0.5805400000000001,
    "sd": 0.004074113400483627
  },
  "TC Precision": {
    "mean": 0.56116,
    "sd": 0.0024038302768706284
  },
  "TC Recall": {
    "mean": 0.7289,
    "sd": 0.002544798616786801
  },
  "TC F1 Score": {
    "mean": 0.6341,
    "sd": 0.0006752777206453567
  },
  "Mean F1 Score": {
    "mean": 0.60732,
    "sd": 0.002311406498217061
  }
}
