{
  "cellvit_scores": {
    "F1": {
      "mean": 0.7787618479052221,
      "std": 0.0
    },
    "Prec": {
      "mean": 0.7666388097812087,
      "std": 0.0
    },
    "Rec": {
      "mean": 0.7974664137768235,
      "std": 0.0
    }
  },
  "classifier": {
    "global": {
      "F1": {
        "mean": 0.8630177617073059,
        "std": 0.009476234996479435
      },
      "Prec": {
        "mean": 0.8630177617073059,
        "std": 0.009476234996479435
      },
      "Rec": {
        "mean": 0.8630177617073059,
        "std": 0.009476234996479435
      },
      "Acc": {
        "mean": 0.8630177617073059,
        "std": 0.009476234996479435
      },
      "Auroc": {
        "mean": 0.9682990193367005,
        "std": 0.002673480009651359
      },
      "AP": {
        "mean": 0.9139616250991821,
        "std": 0.006538148688085524
      }
    }
  },
  "pipeline": {
    "segmentation_scores": {
      "binary": {
        "dice": {
          "mean": 0.8447450118001756,
          "std": 0.0
        },
        "fast_aji": {
          "mean": 0.5776229057377051,
          "std": 0.0
        },
        "fast_aji_plus": {
          "mean": 0.6080960594268857,
          "std": 0.0
        }
      }
    },
    "detection_scores": {
      "binary": {
        "f1": {
          "mean": 0.7724769578575155,
          "std": 0.0
        },
        "prec": {
          "mean": 0.7859164897381458,
          "std": 0.0
        },
        "rec": {
          "mean": 0.7594893423002393,
          "std": 0.0
        }
      },
      "cell_types": {
        "Miscellaneous": {
          "f1": {
            "mean": 0.5142803613003755,
            "std": 0.1185787947570374
          },
          "prec": {
            "mean": 0.7570631318898564,
            "std": 0.04981019545932834
          },
          "rec": {
            "mean": 0.4078634851548311,
            "std": 0.12027263946374915
          }
        },
        "Inflammatory": {
          "f1": {
            "mean": 0.5336674673966858,
            "std": 0.03432810535688995
          },
          "prec": {
            "mean": 0.705898059980743,
            "std": 0.03425484530364823
          },
          "rec": {
            "mean": 0.4339596624599191,
            "std": 0.054642146981558136
          }
        },
        "Epithelium": {
          "f1": {
            "mean": 0.6811083912217125,
            "std": 0.013183110744354536
          },
          "prec": {
            "mean": 0.6590614559632234,
            "std": 0.027732423286814065
          },
          "rec": {
            "mean": 0.7055895622884192,
            "std": 0.008409015225899772
          }
        },
        "Spindle-Shaped": {
          "f1": {
            "mean": 0.5763017309711141,
            "std": 0.005029788266587202
          },
          "prec": {
            "mean": 0.5367976959842746,
            "std": 0.02720494710900777
          },
          "rec": {
            "mean": 0.6248682668547371,
            "std": 0.02537807801196561
          }
        }
      }
    },
    "pq_scores": {
      "binary": {
        "pq": {
          "mean": 0.5481970297015736,
          "std": 0.0
        },
        "dq": {
          "mean": 0.7089749373687997,
          "std": 0.0
        },
        "sq": {
          "mean": 0.7711988905936644,
          "std": 0.0
        }
      },
      "mean": {
        "pq": {
          "mean": 0.3916391252012934,
          "std": 0.004831935232612188
        },
        "dq": {
          "mean": 0.49917667199714355,
          "std": 0.006494495647375866
        },
        "sq": {
          "mean": 0.6766315868109756,
          "std": 0.008731630715670968
        }
      },
      "mean+": {
        "pq": {
          "mean": 0.45335937940371734,
          "std": 0.01681369566532836
        },
        "dq": {
          "mean": 0.585456655523247,
          "std": 0.023157279124060584
        },
        "sq": {
          "mean": 0.7693858999291523,
          "std": 0.0007484127984748395
        }
      },
      "cell_types+": {
        "Miscellaneous": {
          "pq": {
            "mean": 0.3234734437458234,
            "std": 0.06055463354742717
          },
          "dq": {
            "mean": 0.4466650005697801,
            "std": 0.08427981384757453
          },
          "sq": {
            "mean": 0.7244995753023854,
            "std": 0.0017457139476745188
          }
        },
        "Inflammatory": {
          "pq": {
            "mean": 0.5544325097132318,
            "std": 0.019642089052579886
          },
          "dq": {
            "mean": 0.6680617415567078,
            "std": 0.02612110406835609
          },
          "sq": {
            "mean": 0.8300349032653258,
            "std": 0.003360907762349622
          }
        },
        "Epithelium": {
          "pq": {
            "mean": 0.5064177690596519,
            "std": 0.00573362642423301
          },
          "dq": {
            "mean": 0.6532574908649569,
            "std": 0.007419565671709159
          },
          "sq": {
            "mean": 0.7752195694873631,
            "std": 0.00014227428936596905
          }
        },
        "Spindle-Shaped": {
          "pq": {
            "mean": 0.4291137950961625,
            "std": 0.001940018320991932
          },
          "dq": {
            "mean": 0.5738423891015432,
            "std": 0.0024404306128668588
          },
          "sq": {
            "mean": 0.7477895516615346,
            "std": 0.00036984200812034793
          }
        }
      }
    }
  }
}
