{
  "cellvit_scores": {
    "F1": {
      "mean": 0.7787618479052221,
      "std": 0.0
    },
    "Prec": {
      "mean": 0.7666388097812087,
      "std": 0.0
    },
    "Rec": {
      "mean": 0.7974664137768235,
      "std": 0.0
    }
  },
  "classifier": {
    "global": {
      "F1": {
        "mean": 0.740562129020691,
        "std": 0.012377124666122034
      },
      "Prec": {
        "mean": 0.740562129020691,
        "std": 0.012377124666122034
      },
      "Rec": {
        "mean": 0.740562129020691,
        "std": 0.012377124666122034
      },
      "Acc": {
        "mean": 0.740562129020691,
        "std": 0.012377124666122034
      },
      "Auroc": {
        "mean": 0.9092977643013,
        "std": 0.005675164594485031
      },
      "AP": {
        "mean": 0.6943221807479858,
        "std": 0.01276933410523673
      }
    }
  },
  "pipeline": {
    "segmentation_scores": {
      "binary": {
        "dice": {
          "mean": 0.8447450118001756,
          "std": 0.0
        },
        "fast_aji": {
          "mean": 0.5776229057377051,
          "std": 0.0
        },
        "fast_aji_plus": {
          "mean": 0.6080960594268857,
          "std": 0.0
        }
      }
    },
    "detection_scores": {
      "binary": {
        "f1": {
          "mean": 0.7724769578575155,
          "std": 0.0
        },
        "prec": {
          "mean": 0.7859164897381458,
          "std": 0.0
        },
        "rec": {
          "mean": 0.7594893423002393,
          "std": 0.0
        }
      },
      "cell_types": {
        "Miscellaneous": {
          "f1": {
            "mean": 0.11468786635332198,
            "std": 0.024460436385535817
          },
          "prec": {
            "mean": 0.1349899006033446,
            "std": 0.03863141768673106
          },
          "rec": {
            "mean": 0.10128537044291135,
            "std": 0.019085198120575932
          }
        },
        "Inflammatory": {
          "f1": {
            "mean": 0.2572985695512687,
            "std": 0.03858293444757078
          },
          "prec": {
            "mean": 0.7263797264765188,
            "std": 0.011904825441246018
          },
          "rec": {
            "mean": 0.1571071699947836,
            "std": 0.027984150558401182
          }
        },
        "Epithelium": {
          "f1": {
            "mean": 0.5869981130655946,
            "std": 0.007580342568456181
          },
          "prec": {
            "mean": 0.5645442786228532,
            "std": 0.019497895590825716
          },
          "rec": {
            "mean": 0.6122327575995694,
            "std": 0.013968405155660389
          }
        },
        "Spindle-Shaped": {
          "f1": {
            "mean": 0.5269849362248282,
            "std": 0.004323801194059804
          },
          "prec": {
            "mean": 0.44228429352754955,
            "std": 0.008757237492042588
          },
          "rec": {
            "mean": 0.6521750025105069,
            "std": 0.007678123019829401
          }
        }
      }
    },
    "pq_scores": {
      "binary": {
        "pq": {
          "mean": 0.5481970297015736,
          "std": 0.0
        },
        "dq": {
          "mean": 0.7089749373687997,
          "std": 0.0
        },
        "sq": {
          "mean": 0.7711988905936644,
          "std": 0.0
        }
      },
      "mean": {
        "pq": {
          "mean": 0.31027079862207635,
          "std": 0.016645001341234936
        },
        "dq": {
          "mean": 0.39755555061877,
          "std": 0.020043229022832745
        },
        "sq": {
          "mean": 0.6591145629753307,
          "std": 0.010264462012158459
        }
      },
      "mean+": {
        "pq": {
          "mean": 0.3261461094071019,
          "std": 0.014622278193419259
        },
        "dq": {
          "mean": 0.4192437867641501,
          "std": 0.018185198595605887
        },
        "sq": {
          "mean": 0.7708593504305484,
          "std": 0.0009324695498284488
        }
      },
      "cell_types+": {
        "Miscellaneous": {
          "pq": {
            "mean": 0.09763170107923125,
            "std": 0.02045640217351282
          },
          "dq": {
            "mean": 0.13608555580587597,
            "std": 0.028595647741976843
          },
          "sq": {
            "mean": 0.7177407063801254,
            "std": 0.0045959814523675825
          }
        },
        "Inflammatory": {
          "pq": {
            "mean": 0.33610878712943154,
            "std": 0.04047091274400131
          },
          "dq": {
            "mean": 0.3993456756607957,
            "std": 0.04753794639938334
          },
          "sq": {
            "mean": 0.8414913663045404,
            "std": 0.002470946703301236
          }
        },
        "Epithelium": {
          "pq": {
            "mean": 0.46660378168645666,
            "std": 0.0030967637197948194
          },
          "dq": {
            "mean": 0.6008664507985129,
            "std": 0.003895119027524686
          },
          "sq": {
            "mean": 0.7765509757832476,
            "std": 0.0005767710095929173
          }
        },
        "Spindle-Shaped": {
          "pq": {
            "mean": 0.4042401677332883,
            "std": 0.00220166056096347
          },
          "dq": {
            "mean": 0.5406774647914158,
            "std": 0.002863168474368878
          },
          "sq": {
            "mean": 0.7476543532542805,
            "std": 0.00022574799051073403
          }
        }
      }
    }
  }
}
