{
  "Global F1 Score": {
    "mean": 0.7934359550476074,
    "sd": 0.0021923769641079343
  },
  "Global Precision": {
    "mean": 0.6928734540939331,
    "sd": 0.005984574850914458
  },
  "Global Recall": {
    "mean": 0.928381371498108,
    "sd": 0.012203804479130251
  },
  "Global Accuracy": {
    "mean": 0.7326793432235718,
    "sd": 0.003672973427269178
  },
  "Global AUROC": {
    "mean": 0.8166895389556885,
    "sd": 0.0024709749903262567
  },
  "BC Precision": {
    "mean": 0.64,
    "sd": 0.011187671786390617
  },
  "BC Recall": {
    "mean": 0.42623999999999995,
    "sd": 0.01828634463199248
  },
  "BC F1 Score": {
    "mean": 0.5111999999999999,
    "sd": 0.010220371813197404
  },
  "TC Precision": {
    "mean": 0.5508200000000001,
    "sd": 0.004825515516501852
  },
  "TC Recall": {
    "mean": 0.7894399999999999,
    "sd": 0.010007117467083127
  },
  "TC F1 Score": {
    "mean": 0.64882,
    "sd": 0.0021367264682218825
  },
  "Mean F1 Score": {
    "mean": 0.58001,
    "sd": 0.0053959614527904
  }
}
