{
  "Global F1 Score": {
    "mean": 0.8354183912277222,
    "sd": 0.0015404384926155962
  },
  "Global Precision": {
    "mean": 0.771583867073059,
    "sd": 0.014967690749875763
  },
  "Global Recall": {
    "mean": 0.9115680098533631,
    "sd": 0.019234911374529796
  },
  "Global Accuracy": {
    "mean": 0.8020632147789002,
    "sd": 0.005324628777674911
  },
  "Global AUROC": {
    "mean": 0.8867018342018127,
    "sd": 0.002548064364209354
  },
  "BC Precision": {
    "mean": 0.57436,
    "sd": 0.014777902422197791
  },
  "BC Recall": {
    "mean": 0.56472,
    "sd": 0.029407441235170396
  },
  "BC F1 Score": {
    "mean": 0.56866,
    "sd": 0.008541568942530432
  },
  "TC Precision": {
    "mean": 0.5269,
    "sd": 0.00987339860433071
  },
  "TC Recall": {
    "mean": 0.72258,
    "sd": 0.0161595049429121
  },
  "TC F1 Score": {
    "mean": 0.6091599999999999,
    "sd": 0.002201454064930715
  },
  "Mean F1 Score": {
    "mean": 0.58891,
    "sd": 0.004568303842784566
  }
}
