{
  "Global F1 Score": {
    "mean": 0.8602035045623779,
    "sd": 0.007424855581401963
  },
  "Global Precision": {
    "mean": 0.8200668215751648,
    "sd": 0.020777554802355627
  },
  "Global Recall": {
    "mean": 0.905075204372406,
    "sd": 0.010026528902928284
  },
  "Global Accuracy": {
    "mean": 0.83772212266922,
    "sd": 0.011400057774439207
  },
  "Global AUROC": {
    "mean": 0.9239802837371827,
    "sd": 0.0035116567861385004
  },
  "BC Precision": {
    "mean": 0.56312,
    "sd": 0.004275230987911659
  },
  "BC Recall": {
    "mean": 0.6382200000000001,
    "sd": 0.02974279072313157
  },
  "BC F1 Score": {
    "mean": 0.59796,
    "sd": 0.012820702008860521
  },
  "TC Precision": {
    "mean": 0.5683,
    "sd": 0.013960515749785156
  },
  "TC Recall": {
    "mean": 0.71646,
    "sd": 0.006234292261355758
  },
  "TC F1 Score": {
    "mean": 0.63368,
    "sd": 0.006423830632885639
  },
  "Mean F1 Score": {
    "mean": 0.61582,
    "sd": 0.009531715480436855
  }
}
