{
  "cellvit_scores": {
    "F1": {
      "mean": 0.7787618479052221,
      "std": 0.0
    },
    "Prec": {
      "mean": 0.7666388097812087,
      "std": 0.0
    },
    "Rec": {
      "mean": 0.7974664137768235,
      "std": 0.0
    }
  },
  "classifier": {
    "global": {
      "F1": {
        "mean": 0.8708875775337219,
        "std": 0.006646218245288083
      },
      "Prec": {
        "mean": 0.8708875775337219,
        "std": 0.006646218245288083
      },
      "Rec": {
        "mean": 0.8708875775337219,
        "std": 0.006646218245288083
      },
      "Acc": {
        "mean": 0.8708875775337219,
        "std": 0.006646218245288083
      },
      "Auroc": {
        "mean": 0.9705157041549682,
        "std": 0.0017342073959696962
      },
      "AP": {
        "mean": 0.9191057085990906,
        "std": 0.004196192359813771
      }
    }
  },
  "pipeline": {
    "segmentation_scores": {
      "binary": {
        "dice": {
          "mean": 0.8447450118001756,
          "std": 0.0
        },
        "fast_aji": {
          "mean": 0.5776229057377051,
          "std": 0.0
        },
        "fast_aji_plus": {
          "mean": 0.6080960594268857,
          "std": 0.0
        }
      }
    },
    "detection_scores": {
      "binary": {
        "f1": {
          "mean": 0.7724769578575155,
          "std": 0.0
        },
        "prec": {
          "mean": 0.7859164897381458,
          "std": 0.0
        },
        "rec": {
          "mean": 0.7594893423002393,
          "std": 0.0
        }
      },
      "cell_types": {
        "Miscellaneous": {
          "f1": {
            "mean": 0.5663756665708156,
            "std": 0.014627217502149226
          },
          "prec": {
            "mean": 0.7429588536759528,
            "std": 0.03468517558062593
          },
          "rec": {
            "mean": 0.45878589453819973,
            "std": 0.02160421617230268
          }
        },
        "Inflammatory": {
          "f1": {
            "mean": 0.5498322271150777,
            "std": 0.03257413778083146
          },
          "prec": {
            "mean": 0.7002188406087748,
            "std": 0.03805175375736423
          },
          "rec": {
            "mean": 0.45838409973089567,
            "std": 0.058109106362589515
          }
        },
        "Epithelium": {
          "f1": {
            "mean": 0.684830290306843,
            "std": 0.0072415848758174564
          },
          "prec": {
            "mean": 0.6667142599311369,
            "std": 0.013515681574264379
          },
          "rec": {
            "mean": 0.7041075230084082,
            "std": 0.0014552981982294314
          }
        },
        "Spindle-Shaped": {
          "f1": {
            "mean": 0.5814010423309413,
            "std": 0.003591410734962046
          },
          "prec": {
            "mean": 0.5476518496226142,
            "std": 0.01809731611761315
          },
          "rec": {
            "mean": 0.6208737769709032,
            "std": 0.018949677732512406
          }
        }
      }
    },
    "pq_scores": {
      "binary": {
        "pq": {
          "mean": 0.5481970297015736,
          "std": 0.0
        },
        "dq": {
          "mean": 0.7089749373687997,
          "std": 0.0
        },
        "sq": {
          "mean": 0.7711988905936644,
          "std": 0.0
        }
      },
      "mean": {
        "pq": {
          "mean": 0.39548037462741586,
          "std": 0.008910545701423234
        },
        "dq": {
          "mean": 0.5041950168145574,
          "std": 0.01108323824464599
        },
        "sq": {
          "mean": 0.6826202119469734,
          "std": 0.005820543657629343
        }
      },
      "mean+": {
        "pq": {
          "mean": 0.4636522648949157,
          "std": 0.005176680286651174
        },
        "dq": {
          "mean": 0.5994057161508113,
          "std": 0.0065255125014437795
        },
        "sq": {
          "mean": 0.7689994789107122,
          "std": 0.000504023291600835
        }
      },
      "cell_types+": {
        "Miscellaneous": {
          "pq": {
            "mean": 0.35032094640550415,
            "std": 0.0071105269669135785
          },
          "dq": {
            "mean": 0.48371125655470626,
            "std": 0.00930805996528246
          },
          "sq": {
            "mean": 0.7242220552837566,
            "std": 0.0013832966513084746
          }
        },
        "Inflammatory": {
          "pq": {
            "mean": 0.5646349322540937,
            "std": 0.01983635882688771
          },
          "dq": {
            "mean": 0.6812267014998411,
            "std": 0.02577247047119851
          },
          "sq": {
            "mean": 0.8289362838152419,
            "std": 0.002338557961423726
          }
        },
        "Epithelium": {
          "pq": {
            "mean": 0.5077893244909667,
            "std": 0.0029118057314297327
          },
          "dq": {
            "mean": 0.6551075509352471,
            "std": 0.0036810707919154202
          },
          "sq": {
            "mean": 0.7751232258570947,
            "std": 0.0004446264579202158
          }
        },
        "Spindle-Shaped": {
          "pq": {
            "mean": 0.4318638564290982,
            "std": 0.0009652305636550147
          },
          "dq": {
            "mean": 0.577577355613451,
            "std": 0.001362712903431092
          },
          "sq": {
            "mean": 0.7477163506867557,
            "std": 0.00037311474309064833
          }
        }
      }
    }
  }
}
