{
  "cellvit_scores": {
    "F1": {
      "mean": 0.7689651935375411,
      "std": 0.0
    },
    "Prec": {
      "mean": 0.8734019941051144,
      "std": 0.0
    },
    "Rec": {
      "mean": 0.7004214571657807,
      "std": 0.0
    }
  },
  "classifier": {
    "global": {
      "F1": {
        "mean": 0.7996544122695923,
        "std": 0.0068027583893332366
      },
      "Prec": {
        "mean": 0.7996544122695923,
        "std": 0.0068027583893332366
      },
      "Rec": {
        "mean": 0.7996544122695923,
        "std": 0.0068027583893332366
      },
      "Acc": {
        "mean": 0.7996544122695923,
        "std": 0.0068027583893332366
      },
      "Auroc": {
        "mean": 0.8638222455978394,
        "std": 0.015560556034199794
      },
      "AP": {
        "mean": 0.7704376578330994,
        "std": 0.03786346853257506
      }
    }
  },
  "pipeline": {
    "detection_scores_tia": {
      "binary": {
        "f1": {
          "mean": 0.7758152173913043,
          "std": 0.0
        },
        "prec": {
          "mean": 0.7003791257805531,
          "std": 0.0
        },
        "rec": {
          "mean": 0.8694629014396457,
          "std": 0.0
        }
      },
      "cell_types": {
        "other": {
          "f1": {
            "mean": 0.5853408097059909,
            "std": 0.004076194451379735
          },
          "prec": {
            "mean": 0.5476098735786586,
            "std": 0.011157724636208545
          },
          "rec": {
            "mean": 0.6292366943454091,
            "std": 0.014761767929703283
          }
        },
        "lymphocyte": {
          "f1": {
            "mean": 0.4112156280263776,
            "std": 0.018736371590993655
          },
          "prec": {
            "mean": 0.35752179155509045,
            "std": 0.010510641384229347
          },
          "rec": {
            "mean": 0.4867856821760945,
            "std": 0.04687984943366804
          }
        }
      }
    },
    "scores_ocelot": {
      "Pre/other": {
        "mean": 0.7666000000000001,
        "std": 0.011015988380531286
      },
      "Rec/other": {
        "mean": 0.9277200000000001,
        "std": 0.010731710022172632
      },
      "F1/other": {
        "mean": 0.8393599999999999,
        "std": 0.0032585886515483706
      },
      "Pre/lymphocyte": {
        "mean": 0.58966,
        "std": 0.017628794626973254
      },
      "Rec/lymphocyte": {
        "mean": 0.7872999999999999,
        "std": 0.035306543302906335
      },
      "F1/lymphocyte": {
        "mean": 0.67344,
        "std": 0.005833900924767251
      },
      "mF1": {
        "mean": 0.7564,
        "std": 0.004331050680839471
      }
    }
  }
}
