{
  "Global F1 Score": {
    "mean": 0.8634196758270264,
    "sd": 0.0007152871766730661
  },
  "Global Precision": {
    "mean": 0.8230470418930054,
    "sd": 0.008103863177353786
  },
  "Global Recall": {
    "mean": 0.9081443786621094,
    "sd": 0.009087861453225118
  },
  "Global Accuracy": {
    "mean": 0.8397800087928772,
    "sd": 0.0022765474932447257
  },
  "Global AUROC": {
    "mean": 0.9175652384757995,
    "sd": 0.001557526446149509
  },
  "BC Precision": {
    "mean": 0.58018,
    "sd": 0.005511587793004842
  },
  "BC Recall": {
    "mean": 0.6521,
    "sd": 0.0146991156196555
  },
  "BC F1 Score": {
    "mean": 0.61388,
    "sd": 0.0036733635812426645
  },
  "TC Precision": {
    "mean": 0.62986,
    "sd": 0.007484009620517611
  },
  "TC Recall": {
    "mean": 0.75698,
    "sd": 0.007655168188877377
  },
  "TC F1 Score": {
    "mean": 0.6875199999999999,
    "sd": 0.0014441606558828585
  },
  "Mean F1 Score": {
    "mean": 0.6507,
    "sd": 0.002539291239696639
  }
}
