{
  "cellvit_scores": {
    "F1": {
      "mean": 0.7703041760251617,
      "std": 0.0
    },
    "Prec": {
      "mean": 0.8832641121519952,
      "std": 0.0
    },
    "Rec": {
      "mean": 0.695454830249982,
      "std": 0.0
    }
  },
  "classifier": {
    "global": {
      "F1": {
        "mean": 0.6591466188430786,
        "std": 0.01705490435790147
      },
      "Prec": {
        "mean": 0.6591466188430786,
        "std": 0.01705490435790147
      },
      "Rec": {
        "mean": 0.6591466188430786,
        "std": 0.01705490435790147
      },
      "Acc": {
        "mean": 0.6591466188430786,
        "std": 0.01705490435790147
      },
      "Auroc": {
        "mean": 0.8901459813117981,
        "std": 0.01698301527056723
      },
      "AP": {
        "mean": 0.46269537806510924,
        "std": 0.02714369261282125
      }
    }
  },
  "pipeline": {
    "detection_scores_tia": {
      "binary": {
        "f1": {
          "mean": 0.7757627741698321,
          "std": 0.0
        },
        "prec": {
          "mean": 0.6958672235656188,
          "std": 0.0
        },
        "rec": {
          "mean": 0.8763842746400886,
          "std": 0.0
        }
      },
      "cell_types": {
        "tumor_nonMitotic": {
          "f1": {
            "mean": 0.5877306926889888,
            "std": 0.012058308214773586
          },
          "prec": {
            "mean": 0.5090603437640073,
            "std": 0.018045738393280535
          },
          "rec": {
            "mean": 0.6959949152939099,
            "std": 0.014615906828963937
          }
        },
        "tumor_mitotic": {
          "f1": {
            "mean": 0.0,
            "std": 0.0
          },
          "prec": {
            "mean": NaN,
            "std": NaN
          },
          "rec": {
            "mean": 0.0,
            "std": 0.0
          }
        },
        "nonTILnonMQ_stromal": {
          "f1": {
            "mean": 0.3404125852548149,
            "std": 0.005151915595939289
          },
          "prec": {
            "mean": 0.30492919614076125,
            "std": 0.007763767692445073
          },
          "rec": {
            "mean": 0.3854109711175734,
            "std": 0.004353706931245757
          }
        },
        "macrophage": {
          "f1": {
            "mean": 0.024964012986031407,
            "std": 0.019478906534928925
          },
          "prec": {
            "mean": 0.06222037306705499,
            "std": 0.045817718371785936
          },
          "rec": {
            "mean": 0.015632055980049908,
            "std": 0.012362681860250524
          }
        },
        "lymphocyte": {
          "f1": {
            "mean": 0.40930471914029304,
            "std": 0.018953798175382876
          },
          "prec": {
            "mean": 0.32210426815791016,
            "std": 0.02543404925580684
          },
          "rec": {
            "mean": 0.5645865475776859,
            "std": 0.020657745298350186
          }
        },
        "plasma_cell": {
          "f1": {
            "mean": 0.19426781451649053,
            "std": 0.05804242049447324
          },
          "prec": {
            "mean": 0.23277941673095026,
            "std": 0.03375401222715274
          },
          "rec": {
            "mean": 0.17292913914155789,
            "std": 0.07322474751529941
          }
        },
        "other_nucleus": {
          "f1": {
            "mean": 0.002671118530884808,
            "std": 0.005342237061769616
          },
          "prec": {
            "mean": NaN,
            "std": NaN
          },
          "rec": {
            "mean": 0.0015384615384615385,
            "std": 0.003076923076923077
          }
        }
      }
    },
    "scores_ocelot": {
      "Pre/tumor_nonMitotic": {
        "mean": 0.6758599999999999,
        "std": 0.017551934366331262
      },
      "Rec/tumor_nonMitotic": {
        "mean": 0.9051,
        "std": 0.008945166292473255
      },
      "F1/tumor_nonMitotic": {
        "mean": 0.7736799999999999,
        "std": 0.011177012123103368
      },
      "Pre/tumor_mitotic": {
        "mean": 0.02858,
        "std": 0.05716
      },
      "Rec/tumor_mitotic": {
        "mean": 0.004540000000000001,
        "std": 0.009080000000000001
      },
      "F1/tumor_mitotic": {
        "mean": 0.00784,
        "std": 0.01568
      },
      "Pre/nonTILnonMQ_stromal": {
        "mean": 0.5932000000000001,
        "std": 0.012638670816189497
      },
      "Rec/nonTILnonMQ_stromal": {
        "mean": 0.7690400000000001,
        "std": 0.007021281934233918
      },
      "F1/nonTILnonMQ_stromal": {
        "mean": 0.6697,
        "std": 0.009317295745010994
      },
      "Pre/macrophage": {
        "mean": 0.17376,
        "std": 0.1082802401179458
      },
      "Rec/macrophage": {
        "mean": 0.054220000000000004,
        "std": 0.038109862240632675
      },
      "F1/macrophage": {
        "mean": 0.08248,
        "std": 0.056332704532979776
      },
      "Pre/lymphocyte": {
        "mean": 0.52774,
        "std": 0.03793982604071871
      },
      "Rec/lymphocyte": {
        "mean": 0.8608800000000001,
        "std": 0.007889588075432096
      },
      "F1/lymphocyte": {
        "mean": 0.65352,
        "std": 0.028691838560817293
      },
      "Pre/plasma_cell": {
        "mean": 0.65834,
        "std": 0.015753932842309592
      },
      "Rec/plasma_cell": {
        "mean": 0.5780200000000001,
        "std": 0.1472028586678941
      },
      "F1/plasma_cell": {
        "mean": 0.6061200000000001,
        "std": 0.08241415897769025
      },
      "Pre/other_nucleus": {
        "mean": 0.24802,
        "std": 0.22805254131449618
      },
      "Rec/other_nucleus": {
        "mean": 0.0162,
        "std": 0.019482094343268128
      },
      "F1/other_nucleus": {
        "mean": 0.028679999999999994,
        "std": 0.03277159745877518
      },
      "mF1": {
        "mean": 0.4031457142857143,
        "std": 0.020453314486150807
      }
    }
  }
}
