{
  "cellvit_scores": {
    "F1": {
      "mean": 0.7787618479052221,
      "std": 0.0
    },
    "Prec": {
      "mean": 0.7666388097812087,
      "std": 0.0
    },
    "Rec": {
      "mean": 0.7974664137768235,
      "std": 0.0
    }
  },
  "classifier": {
    "global": {
      "F1": {
        "mean": 0.8731361031532288,
        "std": 0.007266659742924934
      },
      "Prec": {
        "mean": 0.8731361031532288,
        "std": 0.007266659742924934
      },
      "Rec": {
        "mean": 0.8731361031532288,
        "std": 0.007266659742924934
      },
      "Acc": {
        "mean": 0.8731361031532288,
        "std": 0.007266659742924934
      },
      "Auroc": {
        "mean": 0.972182285785675,
        "std": 0.002054978681045657
      },
      "AP": {
        "mean": 0.9243679285049439,
        "std": 0.004444853364226271
      }
    }
  },
  "pipeline": {
    "segmentation_scores": {
      "binary": {
        "dice": {
          "mean": 0.8447450118001756,
          "std": 0.0
        },
        "fast_aji": {
          "mean": 0.5776229057377051,
          "std": 0.0
        },
        "fast_aji_plus": {
          "mean": 0.6080960594268857,
          "std": 0.0
        }
      }
    },
    "detection_scores": {
      "binary": {
        "f1": {
          "mean": 0.7724769578575155,
          "std": 0.0
        },
        "prec": {
          "mean": 0.7859164897381458,
          "std": 0.0
        },
        "rec": {
          "mean": 0.7594893423002393,
          "std": 0.0
        }
      },
      "cell_types": {
        "Miscellaneous": {
          "f1": {
            "mean": 0.5655921497444182,
            "std": 0.02524918379537816
          },
          "prec": {
            "mean": 0.7716241273470603,
            "std": 0.021771369832102497
          },
          "rec": {
            "mean": 0.446615313849818,
            "std": 0.025061603686866284
          }
        },
        "Inflammatory": {
          "f1": {
            "mean": 0.5468719179410775,
            "std": 0.03159138128014425
          },
          "prec": {
            "mean": 0.7204232091031253,
            "std": 0.026874977856407627
          },
          "rec": {
            "mean": 0.4445277815126464,
            "std": 0.050345211198527626
          }
        },
        "Epithelium": {
          "f1": {
            "mean": 0.6921179701539485,
            "std": 0.003028333923808186
          },
          "prec": {
            "mean": 0.6794887858153282,
            "std": 0.010664287916551312
          },
          "rec": {
            "mean": 0.7054915350558562,
            "std": 0.008869555865484397
          }
        },
        "Spindle-Shaped": {
          "f1": {
            "mean": 0.5828724735669917,
            "std": 0.006896731654007887
          },
          "prec": {
            "mean": 0.5383093084083836,
            "std": 0.02350106200688229
          },
          "rec": {
            "mean": 0.6372148171768138,
            "std": 0.01741120989724968
          }
        }
      }
    },
    "pq_scores": {
      "binary": {
        "pq": {
          "mean": 0.5481970297015736,
          "std": 0.0
        },
        "dq": {
          "mean": 0.7089749373687997,
          "std": 0.0
        },
        "sq": {
          "mean": 0.7711988905936644,
          "std": 0.0
        }
      },
      "mean": {
        "pq": {
          "mean": 0.3991684954296312,
          "std": 0.008007952874815974
        },
        "dq": {
          "mean": 0.5087131926672146,
          "std": 0.009577544710494598
        },
        "sq": {
          "mean": 0.6827452239927817,
          "std": 0.006208211472177735
        }
      },
      "mean+": {
        "pq": {
          "mean": 0.46460033717641114,
          "std": 0.004899008191098761
        },
        "dq": {
          "mean": 0.6006520545071656,
          "std": 0.006548228422691913
        },
        "sq": {
          "mean": 0.7690319573080098,
          "std": 0.000721907378748227
        }
      },
      "cell_types+": {
        "Miscellaneous": {
          "pq": {
            "mean": 0.35082926255351077,
            "std": 0.008820258499937611
          },
          "dq": {
            "mean": 0.4841702671017557,
            "std": 0.012616208866842706
          },
          "sq": {
            "mean": 0.7246168130807144,
            "std": 0.001012342466061873
          }
        },
        "Inflammatory": {
          "pq": {
            "mean": 0.564172522363206,
            "std": 0.019392188452734337
          },
          "dq": {
            "mean": 0.6812204379008682,
            "std": 0.02499487807113339
          },
          "sq": {
            "mean": 0.8282508182501594,
            "std": 0.0020635848338123146
          }
        },
        "Epithelium": {
          "pq": {
            "mean": 0.5106294113837653,
            "std": 0.0018499814645817488
          },
          "dq": {
            "mean": 0.6585718658772027,
            "std": 0.0021503167545540935
          },
          "sq": {
            "mean": 0.7753578275530276,
            "std": 0.0004033266728918399
          }
        },
        "Spindle-Shaped": {
          "pq": {
            "mean": 0.4327701524051627,
            "std": 0.0027943168918989295
          },
          "dq": {
            "mean": 0.5786456471488357,
            "std": 0.003794092918069814
          },
          "sq": {
            "mean": 0.7479023703481379,
            "std": 0.00019848791424585362
          }
        }
      }
    }
  }
}
