{
  "pipeline": {
    "segmentation_scores": {
      "binary": {
        "dice": {
          "mean": 0.7672513071791887,
          "std": 0.00458935684377877
        },
        "fast_aji": {
          "mean": 0.5325462115520321,
          "std": 0.006193143356827981
        },
        "fast_aji_plus": {
          "mean": 0.547480530162855,
          "std": 0.0057244589439847515
        }
      }
    },
    "detection_scores": {
      "binary": {
        "f1": {
          "mean": 0.8023855451414265,
          "std": 0.010105008132710917
        },
        "prec": {
          "mean": 0.7474305047510406,
          "std": 0.0024269721845600325
        },
        "rec": {
          "mean": 0.8663244699337626,
          "std": 0.02172222724892109
        }
      },
      "cell_types": {
        "Neutrophil": {
          "f1": {
            "mean": 0.12632869240895847,
            "std": 0.0487408797193989
          },
          "prec": {
            "mean": 0.10169781792571908,
            "std": 0.04122222112695421
          },
          "rec": {
            "mean": 0.20398747212387738,
            "std": 0.0814260404359955
          }
        },
        "Epithelial": {
          "f1": {
            "mean": 0.6736405698158244,
            "std": 0.007416503259675258
          },
          "prec": {
            "mean": 0.6796703916228438,
            "std": 0.02316148724021076
          },
          "rec": {
            "mean": 0.669423695984686,
            "std": 0.02729579132031833
          }
        },
        "Lymphocyte": {
          "f1": {
            "mean": 0.4812436180840686,
            "std": 0.030538583520911242
          },
          "prec": {
            "mean": 0.46958032152473833,
            "std": 0.01745992239020318
          },
          "rec": {
            "mean": 0.4947013796119107,
            "std": 0.046926860939109846
          }
        },
        "Plasma": {
          "f1": {
            "mean": 0.22658413052064466,
            "std": 0.007254565264369853
          },
          "prec": {
            "mean": 0.17974915445643422,
            "std": 0.004432968626394776
          },
          "rec": {
            "mean": 0.3077173974752844,
            "std": 0.023093389540298662
          }
        },
        "Eosinophil": {
          "f1": {
            "mean": 0.17600962548088273,
            "std": 0.03137664839498334
          },
          "prec": {
            "mean": 0.13983964238767976,
            "std": 0.02203526262562743
          },
          "rec": {
            "mean": 0.23793584685406097,
            "std": 0.051061895057975676
          }
        },
        "Connective tissue": {
          "f1": {
            "mean": 0.438828904081002,
            "std": 0.020884855355880607
          },
          "prec": {
            "mean": 0.39544549375087623,
            "std": 0.015305796920901418
          },
          "rec": {
            "mean": 0.4933430238829459,
            "std": 0.031902376894561275
          }
        }
      }
    },
    "pq_scores": {
      "binary": {
        "pq": {
          "mean": 0.5132114678991115,
          "std": 0.01051994598424309
        },
        "dq": {
          "mean": 0.6943737344233893,
          "std": 0.013969533864184997
        },
        "sq": {
          "mean": 0.7375319636247758,
          "std": 0.0020601532685451847
        }
      },
      "mean": {
        "pq": {
          "mean": 0.25200970814808193,
          "std": 0.0034186888011035364
        },
        "dq": {
          "mean": 0.34110882560338934,
          "std": 0.0037665891890545887
        },
        "sq": {
          "mean": 0.6091724501647628,
          "std": 0.007221862942848954
        }
      },
      "mean+": {
        "pq": {
          "mean": 0.27210103165964633,
          "std": 0.008541324974578738
        },
        "dq": {
          "mean": 0.37223028042612766,
          "std": 0.008304059678927857
        },
        "sq": {
          "mean": 0.7191356807898557,
          "std": 0.007653053936930827
        }
      },
      "cell_types+": {
        "Neutrophil": {
          "pq": {
            "mean": 0.09111465127569914,
            "std": 0.027606686694846363
          },
          "dq": {
            "mean": 0.13010972620196057,
            "std": 0.038668894707266595
          },
          "sq": {
            "mean": 0.6990605510476643,
            "std": 0.004346527839813655
          }
        },
        "Epithelial": {
          "pq": {
            "mean": 0.4757396140444059,
            "std": 0.006023597752776418
          },
          "dq": {
            "mean": 0.6317747154644769,
            "std": 0.007290830268681991
          },
          "sq": {
            "mean": 0.753014055566737,
            "std": 0.0022893120659289727
          }
        },
        "Lymphocyte": {
          "pq": {
            "mean": 0.39936667796385555,
            "std": 0.03254916534748294
          },
          "dq": {
            "mean": 0.5608600906354293,
            "std": 0.03139200145873259
          },
          "sq": {
            "mean": 0.71104990689425,
            "std": 0.018257039134345225
          }
        },
        "Plasma": {
          "pq": {
            "mean": 0.20356320492741764,
            "std": 0.011764047637091483
          },
          "dq": {
            "mean": 0.28173064277944554,
            "std": 0.01380195586376691
          },
          "sq": {
            "mean": 0.7223719171462548,
            "std": 0.015890530707960336
          }
        },
        "Eosinophil": {
          "pq": {
            "mean": 0.10065549047254836,
            "std": 0.019787241541055916
          },
          "dq": {
            "mean": 0.14915948284829028,
            "std": 0.02842835014041895
          },
          "sq": {
            "mean": 0.6743497472666786,
            "std": 0.010245502592514128
          }
        },
        "Connective tissue": {
          "pq": {
            "mean": 0.3621665512739512,
            "std": 0.01377605228287029
          },
          "dq": {
            "mean": 0.47974702462716334,
            "std": 0.018919769253783508
          },
          "sq": {
            "mean": 0.7549679068175493,
            "std": 0.004559702429692778
          }
        }
      }
    }
  }
}
