{
  "Global F1 Score": {
    "mean": 0.8486647605895996,
    "sd": 0.0024644498623931327
  },
  "Global Precision": {
    "mean": 0.7905048131942749,
    "sd": 0.015709428791366584
  },
  "Global Recall": {
    "mean": 0.9167839050292969,
    "sd": 0.01705287321129813
  },
  "Global Accuracy": {
    "mean": 0.8197733998298645,
    "sd": 0.006294505495334235
  },
  "Global AUROC": {
    "mean": 0.9171046853065491,
    "sd": 0.0007950716911651437
  },
  "BC Precision": {
    "mean": 0.56172,
    "sd": 0.00969152206828217
  },
  "BC Recall": {
    "mean": 0.59202,
    "sd": 0.028649006963592998
  },
  "BC F1 Score": {
    "mean": 0.57584,
    "sd": 0.008975655964886376
  },
  "TC Precision": {
    "mean": 0.5499,
    "sd": 0.010826079622836682
  },
  "TC Recall": {
    "mean": 0.72536,
    "sd": 0.013591261898734767
  },
  "TC F1 Score": {
    "mean": 0.6253400000000001,
    "sd": 0.002313093167168148
  },
  "Mean F1 Score": {
    "mean": 0.60059,
    "sd": 0.005538357157136089
  }
}
