{
  "cellvit_scores": {
    "F1": {
      "mean": 0.7703041760251617,
      "std": 0.0
    },
    "Prec": {
      "mean": 0.8832641121519952,
      "std": 0.0
    },
    "Rec": {
      "mean": 0.695454830249982,
      "std": 0.0
    }
  },
  "classifier": {
    "global": {
      "F1": {
        "mean": 0.7941660284996033,
        "std": 0.011254592424976123
      },
      "Prec": {
        "mean": 0.7941660284996033,
        "std": 0.011254592424976123
      },
      "Rec": {
        "mean": 0.7941660284996033,
        "std": 0.011254592424976123
      },
      "Acc": {
        "mean": 0.7941660284996033,
        "std": 0.011254592424976123
      },
      "Auroc": {
        "mean": 0.922731590270996,
        "std": 0.013600099374492611
      },
      "AP": {
        "mean": 0.702933394908905,
        "std": 0.03987515534006432
      }
    }
  },
  "pipeline": {
    "detection_scores_tia": {
      "binary": {
        "f1": {
          "mean": 0.7757627741698321,
          "std": 0.0
        },
        "prec": {
          "mean": 0.6958672235656188,
          "std": 0.0
        },
        "rec": {
          "mean": 0.8763842746400886,
          "std": 0.0
        }
      },
      "cell_types": {
        "tumor_any": {
          "f1": {
            "mean": 0.586114945473158,
            "std": 0.016144781947721745
          },
          "prec": {
            "mean": 0.5205365430855677,
            "std": 0.02983959914594057
          },
          "rec": {
            "mean": 0.67271372726387,
            "std": 0.013426083960722248
          }
        },
        "nonTIL_stromal": {
          "f1": {
            "mean": 0.3503302884814472,
            "std": 0.015107536616926731
          },
          "prec": {
            "mean": 0.33227657188888066,
            "std": 0.012152921276560777
          },
          "rec": {
            "mean": 0.37230951878734103,
            "std": 0.030925435351229935
          }
        },
        "sTIL": {
          "f1": {
            "mean": 0.6235037936828912,
            "std": 0.008092956433933469
          },
          "prec": {
            "mean": 0.5334785404805256,
            "std": 0.006268038032638625
          },
          "rec": {
            "mean": 0.7507318954129043,
            "std": 0.024699282146228203
          }
        },
        "other_nucleus": {
          "f1": {
            "mean": 0.016331809322574182,
            "std": 0.02132789199452209
          },
          "prec": {
            "mean": NaN,
            "std": NaN
          },
          "rec": {
            "mean": 0.008985341709499333,
            "std": 0.01144793056292337
          }
        }
      }
    },
    "scores_ocelot": {
      "Pre/tumor_any": {
        "mean": 0.6855399999999999,
        "std": 0.026524976908566766
      },
      "Rec/tumor_any": {
        "mean": 0.88734,
        "std": 0.011865344495630965
      },
      "F1/tumor_any": {
        "mean": 0.77304,
        "std": 0.014528399774235293
      },
      "Pre/nonTIL_stromal": {
        "mean": 0.63182,
        "std": 0.01440588768524871
      },
      "Rec/nonTIL_stromal": {
        "mean": 0.7514000000000001,
        "std": 0.03874723215921365
      },
      "F1/nonTIL_stromal": {
        "mean": 0.68554,
        "std": 0.01142183873113254
      },
      "Pre/sTIL": {
        "mean": 0.6647000000000001,
        "std": 0.008442274575018274
      },
      "Rec/sTIL": {
        "mean": 0.91882,
        "std": 0.013372718496999768
      },
      "F1/sTIL": {
        "mean": 0.7712399999999999,
        "std": 0.005309839922257567
      },
      "Pre/other_nucleus": {
        "mean": 0.25846,
        "std": 0.37179866379533966
      },
      "Rec/other_nucleus": {
        "mean": 0.03238,
        "std": 0.039907112148087086
      },
      "F1/other_nucleus": {
        "mean": 0.055400000000000005,
        "std": 0.06785511034550014
      },
      "mF1": {
        "mean": 0.571305,
        "std": 0.02133554194296455
      }
    }
  }
}
