{
  "Global F1 Score": {
    "mean": 0.8190535187721253,
    "sd": 0.01084677857653019
  },
  "Global Precision": {
    "mean": 0.7488858222961425,
    "sd": 0.015581860551930771
  },
  "Global Recall": {
    "mean": 0.903910493850708,
    "sd": 0.00707188803001049
  },
  "Global Accuracy": {
    "mean": 0.77898668050766,
    "sd": 0.015314826855807276
  },
  "Global AUROC": {
    "mean": 0.8588046431541443,
    "sd": 0.015482311484443435
  },
  "BC Precision": {
    "mean": 0.6017999999999999,
    "sd": 0.005157906552080968
  },
  "BC Recall": {
    "mean": 0.54558,
    "sd": 0.02725915625986981
  },
  "BC F1 Score": {
    "mean": 0.5720400000000001,
    "sd": 0.01670815369811997
  },
  "TC Precision": {
    "mean": 0.61166,
    "sd": 0.015487362590189447
  },
  "TC Recall": {
    "mean": 0.76696,
    "sd": 0.005279242369886049
  },
  "TC F1 Score": {
    "mean": 0.68046,
    "sd": 0.010481526606367966
  },
  "Mean F1 Score": {
    "mean": 0.62625,
    "sd": 0.013532442499415976
  }
}
