{
  "cellvit_scores": {
    "F1": {
      "mean": 0.7692730642329909,
      "std": 0.0
    },
    "Prec": {
      "mean": 0.728165467888316,
      "std": 0.0
    },
    "Rec": {
      "mean": 0.8364986361055589,
      "std": 0.0
    }
  },
  "classifier": {
    "global": {
      "F1": {
        "mean": 0.7290100693702698,
        "std": 0.004883398730564857
      },
      "Prec": {
        "mean": 0.7290100693702698,
        "std": 0.004883398730564857
      },
      "Rec": {
        "mean": 0.7290100693702698,
        "std": 0.004883398730564857
      },
      "Acc": {
        "mean": 0.7290100693702698,
        "std": 0.004883398730564857
      },
      "Auroc": {
        "mean": 0.8503096699714661,
        "std": 0.002300821309653571
      },
      "AP": {
        "mean": 0.6489565014839173,
        "std": 0.0015342642759078394
      }
    }
  },
  "pipeline": {
    "detection_scores_tia": {
      "binary": {
        "f1": {
          "mean": 0.7690331097726282,
          "std": 0.0
        },
        "prec": {
          "mean": 0.8112503730229783,
          "std": 1.1102230246251565e-16
        },
        "rec": {
          "mean": 0.7309924485177135,
          "std": 0.0
        }
      },
      "cell_types": {
        "Other Cells": {
          "f1": {
            "mean": 0.0678220335282295,
            "std": 0.004834212060210805
          },
          "prec": {
            "mean": 0.1679681157712305,
            "std": 0.01902841649260317
          },
          "rec": {
            "mean": 0.04286975206395169,
            "std": 0.004561624492141099
          }
        },
        "Epithelial Cells": {
          "f1": {
            "mean": 0.5934482506878231,
            "std": 0.0033430480715579748
          },
          "prec": {
            "mean": 0.6157414530006324,
            "std": 0.007782498723127317
          },
          "rec": {
            "mean": 0.5728377211320258,
            "std": 0.0065688867453726815
          }
        },
        "Stromal Cells": {
          "f1": {
            "mean": 0.3226909951609203,
            "std": 0.003138909360933879
          },
          "prec": {
            "mean": 0.2608239458880536,
            "std": 0.00937043869903142
          },
          "rec": {
            "mean": 0.42442094239332845,
            "std": 0.015962558659946224
          }
        },
        "TILs": {
          "f1": {
            "mean": 0.5771326398266041,
            "std": 0.006640860247800371
          },
          "prec": {
            "mean": 0.622260978014278,
            "std": 0.00904747362444674
          },
          "rec": {
            "mean": 0.5386927572789755,
            "std": 0.018318874729224735
          }
        }
      }
    },
    "scores_ocelot": {
      "Pre/Other Cells": {
        "mean": 0.60344,
        "std": 0.03634493637358581
      },
      "Rec/Other Cells": {
        "mean": 0.1567,
        "std": 0.0214814338441362
      },
      "F1/Other Cells": {
        "mean": 0.24735999999999997,
        "std": 0.02620203045567271
      },
      "Pre/Epithelial Cells": {
        "mean": 0.82684,
        "std": 0.00653899074781421
      },
      "Rec/Epithelial Cells": {
        "mean": 0.7500199999999999,
        "std": 0.006978653165188819
      },
      "F1/Epithelial Cells": {
        "mean": 0.7865400000000001,
        "std": 0.004526190451140999
      },
      "Pre/Stromal Cells": {
        "mean": 0.5492800000000001,
        "std": 0.016966013084988484
      },
      "Rec/Stromal Cells": {
        "mean": 0.75076,
        "std": 0.017837107388811696
      },
      "F1/Stromal Cells": {
        "mean": 0.63396,
        "std": 0.006179190885544789
      },
      "Pre/TILs": {
        "mean": 0.84508,
        "std": 0.008056897665975395
      },
      "Rec/TILs": {
        "mean": 0.7595599999999999,
        "std": 0.016570407357696413
      },
      "F1/TILs": {
        "mean": 0.79984,
        "std": 0.005751730174477952
      },
      "mF1": {
        "mean": 0.616925,
        "std": 0.009004082407441605
      }
    }
  }
}
