{
  "cellvit_scores": {
    "F1": {
      "mean": 0.7787618479052221,
      "std": 0.0
    },
    "Prec": {
      "mean": 0.7666388097812087,
      "std": 0.0
    },
    "Rec": {
      "mean": 0.7974664137768235,
      "std": 0.0
    }
  },
  "classifier": {
    "global": {
      "F1": {
        "mean": 0.7083431959152222,
        "std": 0.04968121554314847
      },
      "Prec": {
        "mean": 0.7083431959152222,
        "std": 0.04968121554314847
      },
      "Rec": {
        "mean": 0.7083431959152222,
        "std": 0.04968121554314847
      },
      "Acc": {
        "mean": 0.7083431959152222,
        "std": 0.04968121554314847
      },
      "Auroc": {
        "mean": 0.9356695294380188,
        "std": 0.00937876881014085
      },
      "AP": {
        "mean": 0.776634693145752,
        "std": 0.03179665022040326
      }
    }
  },
  "pipeline": {
    "segmentation_scores": {
      "binary": {
        "dice": {
          "mean": 0.8447450118001756,
          "std": 0.0
        },
        "fast_aji": {
          "mean": 0.5776229057377051,
          "std": 0.0
        },
        "fast_aji_plus": {
          "mean": 0.6080960594268857,
          "std": 0.0
        }
      }
    },
    "detection_scores": {
      "binary": {
        "f1": {
          "mean": 0.7724769578575155,
          "std": 0.0
        },
        "prec": {
          "mean": 0.7859164897381458,
          "std": 0.0
        },
        "rec": {
          "mean": 0.7594893423002393,
          "std": 0.0
        }
      },
      "cell_types": {
        "Miscellaneous": {
          "f1": {
            "mean": 0.238358388186695,
            "std": 0.07030242776682116
          },
          "prec": {
            "mean": 0.3244617402511956,
            "std": 0.038258737422084986
          },
          "rec": {
            "mean": 0.20004096737067883,
            "std": 0.07930748788536394
          }
        },
        "Inflammatory": {
          "f1": {
            "mean": 0.18721251635127917,
            "std": 0.052912742233936334
          },
          "prec": {
            "mean": 0.8010065014941932,
            "std": 0.016963825863073025
          },
          "rec": {
            "mean": 0.10745351241118861,
            "std": 0.035720521533553345
          }
        },
        "Epithelium": {
          "f1": {
            "mean": 0.5542837078997728,
            "std": 0.06813786533847703
          },
          "prec": {
            "mean": 0.6126604258888693,
            "std": 0.02515372189960481
          },
          "rec": {
            "mean": 0.5136068987607262,
            "std": 0.10200534325152427
          }
        },
        "Spindle-Shaped": {
          "f1": {
            "mean": 0.48012341136529135,
            "std": 0.036704136991834425
          },
          "prec": {
            "mean": 0.3707117612557386,
            "std": 0.04758092203392336
          },
          "rec": {
            "mean": 0.6907734844498894,
            "std": 0.013421402368804502
          }
        }
      }
    },
    "pq_scores": {
      "binary": {
        "pq": {
          "mean": 0.5481970297015736,
          "std": 0.0
        },
        "dq": {
          "mean": 0.7089749373687997,
          "std": 0.0
        },
        "sq": {
          "mean": 0.7711988905936644,
          "std": 0.0
        }
      },
      "mean": {
        "pq": {
          "mean": 0.2839707882121548,
          "std": 0.03074173358465614
        },
        "dq": {
          "mean": 0.36585394676919447,
          "std": 0.038726345906389494
        },
        "sq": {
          "mean": 0.6374988826855615,
          "std": 0.029884609927790032
        }
      },
      "mean+": {
        "pq": {
          "mean": 0.3162047066634333,
          "std": 0.033427734830583096
        },
        "dq": {
          "mean": 0.41079705508912684,
          "std": 0.04343654817076016
        },
        "sq": {
          "mean": 0.7706721293418397,
          "std": 0.0022250891987228775
        }
      },
      "cell_types+": {
        "Miscellaneous": {
          "pq": {
            "mean": 0.18035850832519634,
            "std": 0.048353264213872336
          },
          "dq": {
            "mean": 0.25008300526533417,
            "std": 0.0675231203431788
          },
          "sq": {
            "mean": 0.7221578323326397,
            "std": 0.008033169079479957
          }
        },
        "Inflammatory": {
          "pq": {
            "mean": 0.25767943719171005,
            "std": 0.0585945409366637
          },
          "dq": {
            "mean": 0.30709918966094246,
            "std": 0.07072490603479108
          },
          "sq": {
            "mean": 0.8395458146384728,
            "std": 0.0030279940484617875
          }
        },
        "Epithelium": {
          "pq": {
            "mean": 0.44386373015043423,
            "std": 0.0373657363141332
          },
          "dq": {
            "mean": 0.5739355137770936,
            "std": 0.0469195586965311
          },
          "sq": {
            "mean": 0.7732008568028418,
            "std": 0.0022672440776168386
          }
        },
        "Spindle-Shaped": {
          "pq": {
            "mean": 0.3829171509863928,
            "std": 0.019205712423809588
          },
          "dq": {
            "mean": 0.5120705116531372,
            "std": 0.025709118534252125
          },
          "sq": {
            "mean": 0.7477840135934046,
            "std": 0.00025336767701636967
          }
        }
      }
    }
  }
}
