{
  "Global F1 Score": {
    "mean": 0.833009135723114,
    "sd": 0.00173560999710471
  },
  "Global Precision": {
    "mean": 0.7582210183143616,
    "sd": 0.0017308163556689553
  },
  "Global Recall": {
    "mean": 0.9241685152053833,
    "sd": 0.002395743645434868
  },
  "Global Accuracy": {
    "mean": 0.7950838804244995,
    "sd": 0.002122910413910098
  },
  "Global AUROC": {
    "mean": 0.8816792368888855,
    "sd": 0.0037855462553915064
  },
  "BC Precision": {
    "mean": 0.61946,
    "sd": 0.0025687350972803556
  },
  "BC Recall": {
    "mean": 0.5557000000000001,
    "sd": 0.0028481572990268814
  },
  "BC F1 Score": {
    "mean": 0.5858399999999999,
    "sd": 0.0023736891119099757
  },
  "TC Precision": {
    "mean": 0.62078,
    "sd": 0.0015104966070799432
  },
  "TC Recall": {
    "mean": 0.7831600000000001,
    "sd": 0.0022756098083810423
  },
  "TC F1 Score": {
    "mean": 0.6925800000000001,
    "sd": 0.0016141871019184982
  },
  "Mean F1 Score": {
    "mean": 0.6392100000000001,
    "sd": 0.0019492049661336353
  }
}
