{
  "Global F1 Score": {
    "mean": 0.8351556897163391,
    "sd": 0.00460572930597316
  },
  "Global Precision": {
    "mean": 0.7629659175872803,
    "sd": 0.011456110887126765
  },
  "Global Recall": {
    "mean": 0.9227171897888183,
    "sd": 0.00927569097252285
  },
  "Global Accuracy": {
    "mean": 0.798495066165924,
    "sd": 0.007685998887054023
  },
  "Global AUROC": {
    "mean": 0.8828110575675965,
    "sd": 0.006787960118437429
  },
  "BC Precision": {
    "mean": 0.62126,
    "sd": 0.006173686095032693
  },
  "BC Recall": {
    "mean": 0.5637,
    "sd": 0.022849332594191914
  },
  "BC F1 Score": {
    "mean": 0.59078,
    "sd": 0.011378822434681012
  },
  "TC Precision": {
    "mean": 0.62422,
    "sd": 0.010189092206865131
  },
  "TC Recall": {
    "mean": 0.78226,
    "sd": 0.008154409849891029
  },
  "TC F1 Score": {
    "mean": 0.69424,
    "sd": 0.004374288513575687
  },
  "Mean F1 Score": {
    "mean": 0.6425099999999999,
    "sd": 0.007764753698605035
  }
}
