{
  "cellvit_scores": {
    "F1": {
      "mean": 0.752987561519492,
      "std": 0.0
    },
    "Prec": {
      "mean": 0.7192579660170626,
      "std": 0.0
    },
    "Rec": {
      "mean": 0.8023463524261114,
      "std": 0.0
    }
  },
  "classifier": {
    "global": {
      "F1": {
        "mean": 0.8195396900177002,
        "std": 0.015866009832474156
      },
      "Prec": {
        "mean": 0.8195396900177002,
        "std": 0.015866009832474156
      },
      "Rec": {
        "mean": 0.8195396900177002,
        "std": 0.015866009832474156
      },
      "Acc": {
        "mean": 0.8195396900177002,
        "std": 0.015866009832474156
      },
      "Auroc": {
        "mean": 0.9565312981605529,
        "std": 0.0036677495037752235
      },
      "AP": {
        "mean": 0.8747800946235657,
        "std": 0.02486621546614761
      }
    }
  },
  "pipeline": {
    "segmentation_scores": {
      "binary": {
        "dice": {
          "mean": 0.8154575208341812,
          "std": 1.1102230246251565e-16
        },
        "fast_aji": {
          "mean": 0.5265532039038359,
          "std": 0.0
        },
        "fast_aji_plus": {
          "mean": 0.555673917659244,
          "std": 0.0
        }
      }
    },
    "detection_scores": {
      "binary": {
        "f1": {
          "mean": 0.7524953678799833,
          "std": 0.0
        },
        "prec": {
          "mean": 0.791027896456396,
          "std": 0.0
        },
        "rec": {
          "mean": 0.717542459819902,
          "std": 0.0
        }
      },
      "cell_types": {
        "Miscellaneous": {
          "f1": {
            "mean": 0.35886684499280974,
            "std": 0.14844793614713367
          },
          "prec": {
            "mean": 0.8026118022052942,
            "std": 0.07083915205023168
          },
          "rec": {
            "mean": 0.24315382671067884,
            "std": 0.10941841402488589
          }
        },
        "Inflammatory": {
          "f1": {
            "mean": 0.5216705844064323,
            "std": 0.06473556808948477
          },
          "prec": {
            "mean": 0.6082673928056831,
            "std": 0.06441657104720151
          },
          "rec": {
            "mean": 0.4824700972283077,
            "std": 0.11636780642182057
          }
        },
        "Epithelium": {
          "f1": {
            "mean": 0.6156483083244791,
            "std": 0.007842515543536757
          },
          "prec": {
            "mean": 0.5917626608509805,
            "std": 0.03132850504706034
          },
          "rec": {
            "mean": 0.6444530454279735,
            "std": 0.026450782076076196
          }
        },
        "Spindle-Shaped": {
          "f1": {
            "mean": 0.5047108555000339,
            "std": 0.00877495413901158
          },
          "prec": {
            "mean": 0.5231036450633642,
            "std": 0.03983839039088757
          },
          "rec": {
            "mean": 0.4927582316068769,
            "std": 0.03619624278990729
          }
        }
      }
    },
    "pq_scores": {
      "binary": {
        "pq": {
          "mean": 0.5042446982216731,
          "std": 0.0
        },
        "dq": {
          "mean": 0.6629713871593949,
          "std": 0.0
        },
        "sq": {
          "mean": 0.7582776387833832,
          "std": 0.0
        }
      },
      "mean": {
        "pq": {
          "mean": 0.3355681270132938,
          "std": 0.012496567597381245
        },
        "dq": {
          "mean": 0.4352961380138815,
          "std": 0.01591690128693926
        },
        "sq": {
          "mean": 0.6599111068370994,
          "std": 0.015717172294330953
        }
      },
      "mean+": {
        "pq": {
          "mean": 0.39239275248174843,
          "std": 0.024944634419067017
        },
        "dq": {
          "mean": 0.5116683667936797,
          "std": 0.03384928336749525
        },
        "sq": {
          "mean": 0.76102752922578,
          "std": 0.0011293760208949445
        }
      },
      "cell_types+": {
        "Miscellaneous": {
          "pq": {
            "mean": 0.23911521588436865,
            "std": 0.09578790253572507
          },
          "dq": {
            "mean": 0.32753163070555197,
            "std": 0.13166707344147818
          },
          "sq": {
            "mean": 0.7318040216982155,
            "std": 0.004595572295674166
          }
        },
        "Inflammatory": {
          "pq": {
            "mean": 0.5198721783097293,
            "std": 0.04379813147835048
          },
          "dq": {
            "mean": 0.6358998447534899,
            "std": 0.05556086845206753
          },
          "sq": {
            "mean": 0.8177929734897719,
            "std": 0.003015206477665034
          }
        },
        "Epithelium": {
          "pq": {
            "mean": 0.4487174014000999,
            "std": 0.0029510337574155643
          },
          "dq": {
            "mean": 0.5916148646008328,
            "std": 0.0037760245367414766
          },
          "sq": {
            "mean": 0.7584611553917863,
            "std": 0.0003928506222150472
          }
        },
        "Spindle-Shaped": {
          "pq": {
            "mean": 0.36186621433279587,
            "std": 0.005172561432635845
          },
          "dq": {
            "mean": 0.49162712711484396,
            "std": 0.006697483763473722
          },
          "sq": {
            "mean": 0.7360519663233467,
            "std": 0.0009880223509757123
          }
        }
      }
    }
  }
}
