{
  "pipeline": {
    "segmentation_scores": {
      "binary": {
        "dice": {
          "mean": 0.7740535045818687,
          "std": 0.0035202841137219974
        },
        "fast_aji": {
          "mean": 0.5544050822412173,
          "std": 0.0030836341812674876
        },
        "fast_aji_plus": {
          "mean": 0.5669191737502027,
          "std": 0.0035109781453271493
        }
      }
    },
    "detection_scores": {
      "binary": {
        "f1": {
          "mean": 0.8034417403629986,
          "std": 0.01544027366953896
        },
        "prec": {
          "mean": 0.7417256043924092,
          "std": 0.009674169013597666
        },
        "rec": {
          "mean": 0.876542028017242,
          "std": 0.024983206124271698
        }
      },
      "cell_types": {
        "Neutrophil": {
          "f1": {
            "mean": 0.04095666923727984,
            "std": 0.012263209259571323
          },
          "prec": {
            "mean": 0.0817208769737258,
            "std": 0.019924952465780577
          },
          "rec": {
            "mean": 0.030969900759800332,
            "std": 0.013036035465023339
          }
        },
        "Epithelial": {
          "f1": {
            "mean": 0.6494481694445425,
            "std": 0.0059082784746298635
          },
          "prec": {
            "mean": 0.6081891524277795,
            "std": 0.017829874555317156
          },
          "rec": {
            "mean": 0.6983164088120803,
            "std": 0.027263812957360103
          }
        },
        "Lymphocyte": {
          "f1": {
            "mean": 0.530333960364236,
            "std": 0.017228115473829526
          },
          "prec": {
            "mean": 0.4539222017773214,
            "std": 0.009887373110691529
          },
          "rec": {
            "mean": 0.6383610928849329,
            "std": 0.03467616781208935
          }
        },
        "Plasma": {
          "f1": {
            "mean": 0.18881297575033576,
            "std": 0.03472041756097125
          },
          "prec": {
            "mean": 0.2854375387753172,
            "std": 0.005777270351619701
          },
          "rec": {
            "mean": 0.14404406781567924,
            "std": 0.037422066139690506
          }
        },
        "Eosinophil": {
          "f1": {
            "mean": 0.03362408792237312,
            "std": 0.003246441615388351
          },
          "prec": {
            "mean": 0.11232229704451928,
            "std": 0.01567949643587904
          },
          "rec": {
            "mean": 0.01979816555764834,
            "std": 0.0018454110818163637
          }
        },
        "Connective tissue": {
          "f1": {
            "mean": 0.43979693915868623,
            "std": 0.005450959338733606
          },
          "prec": {
            "mean": 0.39993828369459283,
            "std": 0.029039791590114473
          },
          "rec": {
            "mean": 0.49437535859634957,
            "std": 0.03729481888165503
          }
        }
      }
    },
    "pq_scores": {
      "binary": {
        "pq": {
          "mean": 0.5363776938324573,
          "std": 0.008726353472712405
        },
        "dq": {
          "mean": 0.7187894787302881,
          "std": 0.011683581772084829
        },
        "sq": {
          "mean": 0.7451997618556105,
          "std": 0.0019753316283170025
        }
      },
      "mean": {
        "pq": {
          "mean": 0.2551885300097126,
          "std": 0.0038869906096689315
        },
        "dq": {
          "mean": 0.341716639179388,
          "std": 0.005089657667023409
        },
        "sq": {
          "mean": 0.5529924756435437,
          "std": 0.0067361638630828845
        }
      },
      "mean+": {
        "pq": {
          "mean": 0.2514693966542061,
          "std": 0.0031968156003763498
        },
        "dq": {
          "mean": 0.33891110671147523,
          "std": 0.0072306996063842615
        },
        "sq": {
          "mean": 0.7247924294311164,
          "std": 0.0025221449385378247
        }
      },
      "cell_types+": {
        "Neutrophil": {
          "pq": {
            "mean": 0.025080221854421093,
            "std": 0.01204397368033109
          },
          "dq": {
            "mean": 0.03637085685782211,
            "std": 0.01634741972901103
          },
          "sq": {
            "mean": 0.6771915111858395,
            "std": 0.027564608477445286
          }
        },
        "Epithelial": {
          "pq": {
            "mean": 0.48553393737381106,
            "std": 0.0018417488800708877
          },
          "dq": {
            "mean": 0.6412418150800164,
            "std": 0.002119039046088901
          },
          "sq": {
            "mean": 0.7571783224775923,
            "std": 0.0017602198663089338
          }
        },
        "Lymphocyte": {
          "pq": {
            "mean": 0.44625190452166535,
            "std": 0.027981746951763774
          },
          "dq": {
            "mean": 0.6174206943392841,
            "std": 0.02177378940689303
          },
          "sq": {
            "mean": 0.7220643148650253,
            "std": 0.020046262935097304
          }
        },
        "Plasma": {
          "pq": {
            "mean": 0.16772319639162744,
            "std": 0.03162627429958901
          },
          "dq": {
            "mean": 0.231312031656019,
            "std": 0.04384909991626902
          },
          "sq": {
            "mean": 0.7257360309770121,
            "std": 0.015328901207091941
          }
        },
        "Eosinophil": {
          "pq": {
            "mean": 0.013375540453116036,
            "std": 0.0013451889325146215
          },
          "dq": {
            "mean": 0.018918029560727277,
            "std": 0.001868305225144732
          },
          "sq": {
            "mean": 0.7069236349813045,
            "std": 0.0034539803934133507
          }
        },
        "Connective tissue": {
          "pq": {
            "mean": 0.37085157933059554,
            "std": 0.00511929826380301
          },
          "dq": {
            "mean": 0.48820321277498263,
            "std": 0.00805886606975368
          },
          "sq": {
            "mean": 0.7596607620999252,
            "std": 0.0024664173659724323
          }
        }
      }
    }
  }
}
