{
  "cellvit_scores": {
    "F1": {
      "mean": 0.7787618479052221,
      "std": 0.0
    },
    "Prec": {
      "mean": 0.7666388097812087,
      "std": 0.0
    },
    "Rec": {
      "mean": 0.7974664137768235,
      "std": 0.0
    }
  },
  "classifier": {
    "global": {
      "F1": {
        "mean": 0.8677514910697937,
        "std": 0.009389932402271697
      },
      "Prec": {
        "mean": 0.8677514910697937,
        "std": 0.009389932402271697
      },
      "Rec": {
        "mean": 0.8677514910697937,
        "std": 0.009389932402271697
      },
      "Acc": {
        "mean": 0.8677514910697937,
        "std": 0.009389932402271697
      },
      "Auroc": {
        "mean": 0.9674596309661865,
        "std": 0.0016186031726408382
      },
      "AP": {
        "mean": 0.9128586769104003,
        "std": 0.0035126844169188765
      }
    }
  },
  "pipeline": {
    "segmentation_scores": {
      "binary": {
        "dice": {
          "mean": 0.8447450118001756,
          "std": 0.0
        },
        "fast_aji": {
          "mean": 0.5776229057377051,
          "std": 0.0
        },
        "fast_aji_plus": {
          "mean": 0.6080960594268857,
          "std": 0.0
        }
      }
    },
    "detection_scores": {
      "binary": {
        "f1": {
          "mean": 0.7724769578575155,
          "std": 0.0
        },
        "prec": {
          "mean": 0.7859164897381458,
          "std": 0.0
        },
        "rec": {
          "mean": 0.7594893423002393,
          "std": 0.0
        }
      },
      "cell_types": {
        "Miscellaneous": {
          "f1": {
            "mean": 0.5574760028487137,
            "std": 0.02068126997806139
          },
          "prec": {
            "mean": 0.7784934032974542,
            "std": 0.01581361298822774
          },
          "rec": {
            "mean": 0.4344114322359709,
            "std": 0.021195886573884392
          }
        },
        "Inflammatory": {
          "f1": {
            "mean": 0.5606744185340767,
            "std": 0.028047924804252257
          },
          "prec": {
            "mean": 0.6591186507051124,
            "std": 0.02843189345482364
          },
          "rec": {
            "mean": 0.49274867929971916,
            "std": 0.0535513646894174
          }
        },
        "Epithelium": {
          "f1": {
            "mean": 0.6673859418659716,
            "std": 0.01292615851063109
          },
          "prec": {
            "mean": 0.6238016398069712,
            "std": 0.026142655196447047
          },
          "rec": {
            "mean": 0.7184413375945249,
            "std": 0.005051911911319455
          }
        },
        "Spindle-Shaped": {
          "f1": {
            "mean": 0.5814619449752951,
            "std": 0.004713522215750552
          },
          "prec": {
            "mean": 0.5814776587032764,
            "std": 0.011018169394698584
          },
          "rec": {
            "mean": 0.5817283280637621,
            "std": 0.009257855737591273
          }
        }
      }
    },
    "pq_scores": {
      "binary": {
        "pq": {
          "mean": 0.5481970297015736,
          "std": 0.0
        },
        "dq": {
          "mean": 0.7089749373687997,
          "std": 0.0
        },
        "sq": {
          "mean": 0.7711988905936644,
          "std": 0.0
        }
      },
      "mean": {
        "pq": {
          "mean": 0.4016240828320966,
          "std": 0.006202185131257842
        },
        "dq": {
          "mean": 0.5131198517217406,
          "std": 0.007970246893846959
        },
        "sq": {
          "mean": 0.6804712901756815,
          "std": 0.005500136876016916
        }
      },
      "mean+": {
        "pq": {
          "mean": 0.4629142729569626,
          "std": 0.006063783314335371
        },
        "dq": {
          "mean": 0.5990591301602033,
          "std": 0.00790579414948607
        },
        "sq": {
          "mean": 0.7680272278726685,
          "std": 0.0004889222059766356
        }
      },
      "cell_types+": {
        "Miscellaneous": {
          "pq": {
            "mean": 0.3491334448050133,
            "std": 0.007169684178628475
          },
          "dq": {
            "mean": 0.482584911711294,
            "std": 0.009912224075288575
          },
          "sq": {
            "mean": 0.7234659545985249,
            "std": 0.0010151741110863053
          }
        },
        "Inflammatory": {
          "pq": {
            "mean": 0.5710929811768135,
            "std": 0.017110694332231304
          },
          "dq": {
            "mean": 0.6908746015952664,
            "std": 0.02219540691813343
          },
          "sq": {
            "mean": 0.8266834478374143,
            "std": 0.0019118994699229596
          }
        },
        "Epithelium": {
          "pq": {
            "mean": 0.49993155279152734,
            "std": 0.005481319703113174
          },
          "dq": {
            "mean": 0.6454921962942265,
            "std": 0.00700860188942397
          },
          "sq": {
            "mean": 0.7744957651162142,
            "std": 0.00010692027233111717
          }
        },
        "Spindle-Shaped": {
          "pq": {
            "mean": 0.4314991130544962,
            "std": 0.0012508469996428057
          },
          "dq": {
            "mean": 0.5772848110400263,
            "std": 0.001804446346800606
          },
          "sq": {
            "mean": 0.7474637439385207,
            "std": 0.0003887079092977025
          }
        }
      }
    }
  }
}
