{
  "Global F1 Score": {
    "mean": 0.8341935992240905,
    "sd": 0.002400610471234969
  },
  "Global Precision": {
    "mean": 0.7575043797492981,
    "sd": 0.007066336455981785
  },
  "Global Recall": {
    "mean": 0.9282805800437928,
    "sd": 0.00594983388663054
  },
  "Global Accuracy": {
    "mean": 0.795897650718689,
    "sd": 0.004501002476678761
  },
  "Global AUROC": {
    "mean": 0.8842169523239136,
    "sd": 0.0029892092272798365
  },
  "BC Precision": {
    "mean": 0.6231,
    "sd": 0.004338202392696772
  },
  "BC Recall": {
    "mean": 0.55244,
    "sd": 0.014470190047127926
  },
  "BC F1 Score": {
    "mean": 0.58546,
    "sd": 0.00685057661806654
  },
  "TC Precision": {
    "mean": 0.61998,
    "sd": 0.00623005617952196
  },
  "TC Recall": {
    "mean": 0.78682,
    "sd": 0.0052920317459365235
  },
  "TC F1 Score": {
    "mean": 0.6934799999999999,
    "sd": 0.002208528922156084
  },
  "Mean F1 Score": {
    "mean": 0.63947,
    "sd": 0.004499511084551289
  }
}
