{
  "cellvit_scores": {
    "F1": {
      "mean": 0.7685417842852399,
      "std": 0.0
    },
    "Prec": {
      "mean": 0.8631877335758722,
      "std": 1.1102230246251565e-16
    },
    "Rec": {
      "mean": 0.7055829658070623,
      "std": 0.0
    }
  },
  "classifier": {
    "global": {
      "F1": {
        "mean": 0.8082817673683167,
        "std": 0.0100790421433235
      },
      "Prec": {
        "mean": 0.8082817673683167,
        "std": 0.0100790421433235
      },
      "Rec": {
        "mean": 0.8082817673683167,
        "std": 0.0100790421433235
      },
      "Acc": {
        "mean": 0.8082817673683167,
        "std": 0.0100790421433235
      },
      "Auroc": {
        "mean": 0.8853175520896912,
        "std": 0.008129175426829883
      },
      "AP": {
        "mean": 0.8267004370689393,
        "std": 0.01337774792799204
      }
    }
  },
  "pipeline": {
    "detection_scores_tia": {
      "binary": {
        "f1": {
          "mean": 0.779048690543159,
          "std": 0.0
        },
        "prec": {
          "mean": 0.7101994301994302,
          "std": 0.0
        },
        "rec": {
          "mean": 0.8626799557032114,
          "std": 1.1102230246251565e-16
        }
      },
      "cell_types": {
        "other": {
          "f1": {
            "mean": 0.5922605740387612,
            "std": 0.011152798638039566
          },
          "prec": {
            "mean": 0.5720330321957913,
            "std": 0.01840341151862341
          },
          "rec": {
            "mean": 0.6167262804310714,
            "std": 0.039250775091535454
          }
        },
        "lymphocyte": {
          "f1": {
            "mean": 0.43742530772719607,
            "std": 0.011679412574860642
          },
          "prec": {
            "mean": 0.37018622685156444,
            "std": 0.026073681114494623
          },
          "rec": {
            "mean": 0.5474413575496572,
            "std": 0.07682582969529901
          }
        }
      }
    },
    "scores_ocelot": {
      "Pre/other": {
        "mean": 0.7928200000000001,
        "std": 0.021139101210789452
      },
      "Rec/other": {
        "mean": 0.90832,
        "std": 0.028832578795522267
      },
      "F1/other": {
        "mean": 0.84598,
        "std": 0.005934778850134192
      },
      "Pre/lymphocyte": {
        "mean": 0.59488,
        "std": 0.04748795215631014
      },
      "Rec/lymphocyte": {
        "mean": 0.8387800000000001,
        "std": 0.051524533961987494
      },
      "F1/lymphocyte": {
        "mean": 0.6929000000000001,
        "std": 0.0198571901335511
      },
      "mF1": {
        "mean": 0.7694399999999999,
        "std": 0.012200713093913832
      }
    }
  }
}
