{
  "Global F1 Score": {
    "mean": 0.8085394024848938,
    "sd": 0.002528218502542786
  },
  "Global Precision": {
    "mean": 0.7086413621902465,
    "sd": 0.008618169873189094
  },
  "Global Recall": {
    "mean": 0.9414634108543396,
    "sd": 0.008425254532470292
  },
  "Global Accuracy": {
    "mean": 0.7533693790435791,
    "sd": 0.006152888863901352
  },
  "Global AUROC": {
    "mean": 0.8570284485816956,
    "sd": 0.002175738356389175
  },
  "BC Precision": {
    "mean": 0.63762,
    "sd": 0.004928448031581529
  },
  "BC Recall": {
    "mean": 0.45427999999999996,
    "sd": 0.020710325926937993
  },
  "BC F1 Score": {
    "mean": 0.5302,
    "sd": 0.012378852935551013
  },
  "TC Precision": {
    "mean": 0.57092,
    "sd": 0.006921676097593699
  },
  "TC Recall": {
    "mean": 0.7985800000000001,
    "sd": 0.006582826140799995
  },
  "TC F1 Score": {
    "mean": 0.66578,
    "sd": 0.002510298786997285
  },
  "Mean F1 Score": {
    "mean": 0.59799,
    "sd": 0.007399351322920139
  }
}
