{
  "cellvit_scores": {
    "F1": {
      "mean": 0.7787618479052221,
      "std": 0.0
    },
    "Prec": {
      "mean": 0.7666388097812087,
      "std": 0.0
    },
    "Rec": {
      "mean": 0.7974664137768235,
      "std": 0.0
    }
  },
  "classifier": {
    "global": {
      "F1": {
        "mean": 0.8706804633140564,
        "std": 0.008843819490529755
      },
      "Prec": {
        "mean": 0.8706804633140564,
        "std": 0.008843819490529755
      },
      "Rec": {
        "mean": 0.8706804633140564,
        "std": 0.008843819490529755
      },
      "Acc": {
        "mean": 0.8706804633140564,
        "std": 0.008843819490529755
      },
      "Auroc": {
        "mean": 0.9697368383407593,
        "std": 0.002980477107860157
      },
      "AP": {
        "mean": 0.9109031677246093,
        "std": 0.01797932297600448
      }
    }
  },
  "pipeline": {
    "segmentation_scores": {
      "binary": {
        "dice": {
          "mean": 0.8447450338160364,
          "std": 4.403172164657576e-08
        },
        "fast_aji": {
          "mean": 0.577622927395463,
          "std": 4.33155155743492e-08
        },
        "fast_aji_plus": {
          "mean": 0.6080960853652184,
          "std": 5.187666554107295e-08
        }
      }
    },
    "detection_scores": {
      "binary": {
        "f1": {
          "mean": 0.7724769578575155,
          "std": 0.0
        },
        "prec": {
          "mean": 0.7859164897381458,
          "std": 0.0
        },
        "rec": {
          "mean": 0.7594893423002393,
          "std": 0.0
        }
      },
      "cell_types": {
        "Miscellaneous": {
          "f1": {
            "mean": 0.5215852096247522,
            "std": 0.10009787240973406
          },
          "prec": {
            "mean": 0.7504567941140334,
            "std": 0.051533039932452535
          },
          "rec": {
            "mean": 0.4076769509194865,
            "std": 0.09919355837638776
          }
        },
        "Inflammatory": {
          "f1": {
            "mean": 0.5748168121056516,
            "std": 0.019064623275915696
          },
          "prec": {
            "mean": 0.6441505196702011,
            "std": 0.038001717587730154
          },
          "rec": {
            "mean": 0.5248921023157596,
            "std": 0.05587912981290031
          }
        },
        "Epithelium": {
          "f1": {
            "mean": 0.682914334821288,
            "std": 0.007966553399272103
          },
          "prec": {
            "mean": 0.6580386420597479,
            "std": 0.009699977792961893
          },
          "rec": {
            "mean": 0.7098395398324648,
            "std": 0.009666403553309737
          }
        },
        "Spindle-Shaped": {
          "f1": {
            "mean": 0.5766635145387344,
            "std": 0.0033883857331762726
          },
          "prec": {
            "mean": 0.5685584212772613,
            "std": 0.020090302437803447
          },
          "rec": {
            "mean": 0.5867209000766677,
            "std": 0.024230879210191722
          }
        }
      }
    },
    "pq_scores": {
      "binary": {
        "pq": {
          "mean": 0.5481970542995891,
          "std": 4.9196031071119255e-08
        },
        "dq": {
          "mean": 0.7089749373687997,
          "std": 0.0
        },
        "sq": {
          "mean": 0.7711989250892634,
          "std": 6.899119786574204e-08
        }
      },
      "mean": {
        "pq": {
          "mean": 0.3968786376846794,
          "std": 0.004390780175586086
        },
        "dq": {
          "mean": 0.5065187749448788,
          "std": 0.005580621669486678
        },
        "sq": {
          "mean": 0.6753138477956127,
          "std": 0.007806921593749293
        }
      },
      "mean+": {
        "pq": {
          "mean": 0.4606623897897376,
          "std": 0.013530807468169795
        },
        "dq": {
          "mean": 0.5956359359893713,
          "std": 0.01803442408964615
        },
        "sq": {
          "mean": 0.7678019350672338,
          "std": 0.001230832996510932
        }
      },
      "cell_types+": {
        "Miscellaneous": {
          "pq": {
            "mean": 0.3303379869716755,
            "std": 0.04792252875961072
          },
          "dq": {
            "mean": 0.4570838345988177,
            "std": 0.06394319082241523
          },
          "sq": {
            "mean": 0.7220269610491421,
            "std": 0.0050600029434427225
          }
        },
        "Inflammatory": {
          "pq": {
            "mean": 0.5747297678818547,
            "std": 0.010209027353774838
          },
          "dq": {
            "mean": 0.6954475450077674,
            "std": 0.01372093107256265
          },
          "sq": {
            "mean": 0.826448687949705,
            "std": 0.0016124263017850372
          }
        },
        "Epithelium": {
          "pq": {
            "mean": 0.5074060061986491,
            "std": 0.002695744018592195
          },
          "dq": {
            "mean": 0.6545771033717583,
            "std": 0.0037842514221488413
          },
          "sq": {
            "mean": 0.7751683029124712,
            "std": 0.00046571610010233953
          }
        },
        "Spindle-Shaped": {
          "pq": {
            "mean": 0.430175798106771,
            "std": 0.0023256664695774885
          },
          "dq": {
            "mean": 0.5754352609791411,
            "std": 0.002748638044330923
          },
          "sq": {
            "mean": 0.7475637883576172,
            "std": 0.0006052190607529101
          }
        }
      }
    }
  }
}
