{
  "Global F1 Score": {
    "mean": 0.8630388736724853,
    "sd": 0.0026768273104247745
  },
  "Global Precision": {
    "mean": 0.8265454649925232,
    "sd": 0.006717521029564436
  },
  "Global Recall": {
    "mean": 0.9030401587486268,
    "sd": 0.008985133493349529
  },
  "Global Accuracy": {
    "mean": 0.8401768922805786,
    "sd": 0.0032094611417124593
  },
  "Global AUROC": {
    "mean": 0.9186670780181885,
    "sd": 0.002826014689600101
  },
  "BC Precision": {
    "mean": 0.57964,
    "sd": 0.005344380225994384
  },
  "BC Recall": {
    "mean": 0.6593,
    "sd": 0.011368904960461234
  },
  "BC F1 Score": {
    "mean": 0.6168,
    "sd": 0.002840422503783558
  },
  "TC Precision": {
    "mean": 0.63114,
    "sd": 0.005893929079994101
  },
  "TC Recall": {
    "mean": 0.7522800000000001,
    "sd": 0.007503439211454955
  },
  "TC F1 Score": {
    "mean": 0.68638,
    "sd": 0.0024473659309551528
  },
  "Mean F1 Score": {
    "mean": 0.65159,
    "sd": 0.0024077790596315107
  }
}
