{
  "Global F1 Score": {
    "mean": 0.8438930511474609,
    "sd": 0.004734256357610252
  },
  "Global Precision": {
    "mean": 0.7744897961616516,
    "sd": 0.009824417852573313
  },
  "Global Recall": {
    "mean": 0.9271470427513122,
    "sd": 0.008142253533566424
  },
  "Global Accuracy": {
    "mean": 0.8077356457710266,
    "sd": 0.007177819343545867
  },
  "Global AUROC": {
    "mean": 0.8915412068367005,
    "sd": 0.004537702568128759
  },
  "BC Precision": {
    "mean": 0.65952,
    "sd": 0.00767630119263177
  },
  "BC Recall": {
    "mean": 0.54926,
    "sd": 0.018676145212543176
  },
  "BC F1 Score": {
    "mean": 0.59916,
    "sd": 0.010293221070199572
  },
  "TC Precision": {
    "mean": 0.6755,
    "sd": 0.010524827789565016
  },
  "TC Recall": {
    "mean": 0.7500199999999999,
    "sd": 0.006377272144106748
  },
  "TC F1 Score": {
    "mean": 0.71074,
    "sd": 0.004484462063614734
  },
  "Mean F1 Score": {
    "mean": 0.65495,
    "sd": 0.00733437113868664
  }
}
