{
  "cellvit_scores": {
    "F1": {
      "mean": 0.7787618479052221,
      "std": 0.0
    },
    "Prec": {
      "mean": 0.7666388097812087,
      "std": 0.0
    },
    "Rec": {
      "mean": 0.7974664137768235,
      "std": 0.0
    }
  },
  "classifier": {
    "global": {
      "F1": {
        "mean": 0.8497928977012634,
        "std": 0.015023245309425129
      },
      "Prec": {
        "mean": 0.8497928977012634,
        "std": 0.015023245309425129
      },
      "Rec": {
        "mean": 0.8497928977012634,
        "std": 0.015023245309425129
      },
      "Acc": {
        "mean": 0.8497928977012634,
        "std": 0.015023245309425129
      },
      "Auroc": {
        "mean": 0.9625139594078064,
        "std": 0.0031573363106832545
      },
      "AP": {
        "mean": 0.9013712167739868,
        "std": 0.004863020611952652
      }
    }
  },
  "pipeline": {
    "segmentation_scores": {
      "binary": {
        "dice": {
          "mean": 0.8447450118001756,
          "std": 0.0
        },
        "fast_aji": {
          "mean": 0.5776229057377051,
          "std": 0.0
        },
        "fast_aji_plus": {
          "mean": 0.6080960594268857,
          "std": 0.0
        }
      }
    },
    "detection_scores": {
      "binary": {
        "f1": {
          "mean": 0.7724769578575155,
          "std": 0.0
        },
        "prec": {
          "mean": 0.7859164897381458,
          "std": 0.0
        },
        "rec": {
          "mean": 0.7594893423002393,
          "std": 0.0
        }
      },
      "cell_types": {
        "Miscellaneous": {
          "f1": {
            "mean": 0.4818148604449434,
            "std": 0.07514158886734759
          },
          "prec": {
            "mean": 0.6784433290628724,
            "std": 0.11389797063105961
          },
          "rec": {
            "mean": 0.3985640257765497,
            "std": 0.10015991589841503
          }
        },
        "Inflammatory": {
          "f1": {
            "mean": 0.4950369015990364,
            "std": 0.04120994058914538
          },
          "prec": {
            "mean": 0.7339265475831096,
            "std": 0.04450051171082798
          },
          "rec": {
            "mean": 0.3796777594376128,
            "std": 0.060808133651257104
          }
        },
        "Epithelium": {
          "f1": {
            "mean": 0.6763626974075739,
            "std": 0.012550313039433221
          },
          "prec": {
            "mean": 0.6664650054483479,
            "std": 0.026157104240681232
          },
          "rec": {
            "mean": 0.6875174927191539,
            "std": 0.014345275034142804
          }
        },
        "Spindle-Shaped": {
          "f1": {
            "mean": 0.5670607039058473,
            "std": 0.009044662187145384
          },
          "prec": {
            "mean": 0.5105125714957949,
            "std": 0.03143692603770394
          },
          "rec": {
            "mean": 0.6413127067834725,
            "std": 0.025258989958921212
          }
        }
      }
    },
    "pq_scores": {
      "binary": {
        "pq": {
          "mean": 0.5481970297015736,
          "std": 0.0
        },
        "dq": {
          "mean": 0.7089749373687997,
          "std": 0.0
        },
        "sq": {
          "mean": 0.7711988905936644,
          "std": 0.0
        }
      },
      "mean": {
        "pq": {
          "mean": 0.37284797598077934,
          "std": 0.008901103244247248
        },
        "dq": {
          "mean": 0.4766763657504611,
          "std": 0.011532916977421403
        },
        "sq": {
          "mean": 0.6495865035650371,
          "std": 0.018595599250166836
        }
      },
      "mean+": {
        "pq": {
          "mean": 0.4432853687152602,
          "std": 0.015993264143773
        },
        "dq": {
          "mean": 0.5729774026044341,
          "std": 0.020934547395776115
        },
        "sq": {
          "mean": 0.7688521675323928,
          "std": 0.0008864161012954383
        }
      },
      "cell_types+": {
        "Miscellaneous": {
          "pq": {
            "mean": 0.3154522655214605,
            "std": 0.034493977254229875
          },
          "dq": {
            "mean": 0.436952261461261,
            "std": 0.04624714890711338
          },
          "sq": {
            "mean": 0.7216180244992504,
            "std": 0.0031945471614669477
          }
        },
        "Inflammatory": {
          "pq": {
            "mean": 0.5292090891677124,
            "std": 0.027353610414355217
          },
          "dq": {
            "mean": 0.6367368566399506,
            "std": 0.03542848416824731
          },
          "sq": {
            "mean": 0.8313072058665785,
            "std": 0.0035508887132708502
          }
        },
        "Epithelium": {
          "pq": {
            "mean": 0.5033602517969132,
            "std": 0.005266234065744879
          },
          "dq": {
            "mean": 0.6493587021127977,
            "std": 0.006884351368795638
          },
          "sq": {
            "mean": 0.7751663501111252,
            "std": 0.0002581877876662279
          }
        },
        "Spindle-Shaped": {
          "pq": {
            "mean": 0.42511986837495475,
            "std": 0.004108155658936307
          },
          "dq": {
            "mean": 0.5688617902037272,
            "std": 0.005532108451980009
          },
          "sq": {
            "mean": 0.7473170896526173,
            "std": 0.00022421855829305804
          }
        }
      }
    }
  }
}
