{
  "Global F1 Score": {
    "mean": 0.8306237578392028,
    "sd": 0.003914668720364045
  },
  "Global Precision": {
    "mean": 0.7511731028556824,
    "sd": 0.011093065139601429
  },
  "Global Recall": {
    "mean": 0.9291579365730286,
    "sd": 0.008868837068563559
  },
  "Global Accuracy": {
    "mean": 0.7875807046890259,
    "sd": 0.007395817771352614
  },
  "Global AUROC": {
    "mean": 0.8740561485290528,
    "sd": 0.002135535758582345
  },
  "BC Precision": {
    "mean": 0.6721199999999999,
    "sd": 0.00601710894034671
  },
  "BC Recall": {
    "mean": 0.50838,
    "sd": 0.022561329748044538
  },
  "BC F1 Score": {
    "mean": 0.57852,
    "sd": 0.013277258753221598
  },
  "TC Precision": {
    "mean": 0.6443,
    "sd": 0.010619416179809524
  },
  "TC Recall": {
    "mean": 0.75206,
    "sd": 0.007130105188564917
  },
  "TC F1 Score": {
    "mean": 0.69392,
    "sd": 0.004183013267968414
  },
  "Mean F1 Score": {
    "mean": 0.63622,
    "sd": 0.008229860266128451
  }
}
