{
  "Global F1 Score": {
    "mean": 0.8675256609916687,
    "sd": 0.002684491227586437
  },
  "Global Precision": {
    "mean": 0.8200215220451355,
    "sd": 0.006578759516936633
  },
  "Global Recall": {
    "mean": 0.9209761023521423,
    "sd": 0.007211063303979777
  },
  "Global Accuracy": {
    "mean": 0.8431479334831238,
    "sd": 0.0035583544324006068
  },
  "Global AUROC": {
    "mean": 0.9221718430519104,
    "sd": 0.005222228261880365
  },
  "BC Precision": {
    "mean": 0.5862,
    "sd": 0.003957271787481858
  },
  "BC Recall": {
    "mean": 0.64332,
    "sd": 0.011919127484845507
  },
  "BC F1 Score": {
    "mean": 0.61338,
    "sd": 0.004474550256729741
  },
  "TC Precision": {
    "mean": 0.6282599999999999,
    "sd": 0.005747208017811759
  },
  "TC Recall": {
    "mean": 0.76768,
    "sd": 0.005973742545506987
  },
  "TC F1 Score": {
    "mean": 0.6909600000000001,
    "sd": 0.0024960769218916232
  },
  "Mean F1 Score": {
    "mean": 0.65217,
    "sd": 0.0033840212765288637
  }
}
