{
  "Global F1 Score": {
    "mean": 0.84428631067276,
    "sd": 0.003671537203845387
  },
  "Global Precision": {
    "mean": 0.8052661061286926,
    "sd": 0.012928194647488143
  },
  "Global Recall": {
    "mean": 0.8877394199371338,
    "sd": 0.014632854497691054
  },
  "Global Accuracy": {
    "mean": 0.8195468068122864,
    "sd": 0.00550455742859488
  },
  "Global AUROC": {
    "mean": 0.8999192357063294,
    "sd": 0.003022074492874611
  },
  "BC Precision": {
    "mean": 0.5432400000000002,
    "sd": 0.005901050753891221
  },
  "BC Recall": {
    "mean": 0.62138,
    "sd": 0.020814072162842142
  },
  "BC F1 Score": {
    "mean": 0.5794600000000001,
    "sd": 0.007579604211302838
  },
  "TC Precision": {
    "mean": 0.5614399999999999,
    "sd": 0.007197110531317414
  },
  "TC Recall": {
    "mean": 0.70362,
    "sd": 0.01135594998227801
  },
  "TC F1 Score": {
    "mean": 0.62446,
    "sd": 0.0023812601705819583
  },
  "Mean F1 Score": {
    "mean": 0.60196,
    "sd": 0.004404247949423361
  }
}
