{
  "cellvit_scores": {
    "F1": {
      "mean": 0.7902985175134712,
      "std": 0.0
    },
    "Prec": {
      "mean": 0.7310409808408226,
      "std": 0.0
    },
    "Rec": {
      "mean": 0.8826795298809383,
      "std": 0.0
    }
  },
  "classifier": {
    "global": {
      "F1": {
        "mean": 0.7319496512413025,
        "std": 0.004611340520359316
      },
      "Prec": {
        "mean": 0.7319496512413025,
        "std": 0.004611340520359316
      },
      "Rec": {
        "mean": 0.7319496512413025,
        "std": 0.004611340520359316
      },
      "Acc": {
        "mean": 0.7319496512413025,
        "std": 0.004611340520359316
      },
      "Auroc": {
        "mean": 0.8540544748306275,
        "std": 0.002207056715362187
      },
      "AP": {
        "mean": 0.646896505355835,
        "std": 0.0018229475880116146
      }
    }
  },
  "pipeline": {
    "detection_scores_tia": {
      "binary": {
        "f1": {
          "mean": 0.79372083770391,
          "std": 0.0
        },
        "prec": {
          "mean": 0.8591115519131389,
          "std": 1.1102230246251565e-16
        },
        "rec": {
          "mean": 0.7375803885540144,
          "std": 0.0
        }
      },
      "cell_types": {
        "Other Cells": {
          "f1": {
            "mean": 0.06943052355938925,
            "std": 0.007110892733408162
          },
          "prec": {
            "mean": 0.15628858756444522,
            "std": 0.008664266155589729
          },
          "rec": {
            "mean": 0.04487866490782766,
            "std": 0.0060853467633640804
          }
        },
        "Epithelial Cells": {
          "f1": {
            "mean": 0.6272197864477723,
            "std": 0.0034992064103276017
          },
          "prec": {
            "mean": 0.6668265834041269,
            "std": 0.014638879209742262
          },
          "rec": {
            "mean": 0.5924001359137663,
            "std": 0.008709986995504338
          }
        },
        "Stromal Cells": {
          "f1": {
            "mean": 0.33428081604968535,
            "std": 0.006178477212204252
          },
          "prec": {
            "mean": 0.28329172411959497,
            "std": 0.011284243706761761
          },
          "rec": {
            "mean": 0.40873311790695316,
            "std": 0.014331346166879281
          }
        },
        "TILs": {
          "f1": {
            "mean": 0.5800849688789113,
            "std": 0.006687827890405564
          },
          "prec": {
            "mean": 0.621934726842072,
            "std": 0.010491981224688952
          },
          "rec": {
            "mean": 0.5441261630719367,
            "std": 0.018107262618096222
          }
        }
      }
    },
    "scores_ocelot": {
      "Pre/Other Cells": {
        "mean": 0.5601,
        "std": 0.02440344238012335
      },
      "Rec/Other Cells": {
        "mean": 0.15518,
        "std": 0.019848163643017454
      },
      "F1/Other Cells": {
        "mean": 0.24211999999999997,
        "std": 0.02306776105303677
      },
      "Pre/Epithelial Cells": {
        "mean": 0.8682399999999999,
        "std": 0.00784719058007389
      },
      "Rec/Epithelial Cells": {
        "mean": 0.74134,
        "std": 0.009584070116604957
      },
      "F1/Epithelial Cells": {
        "mean": 0.7996800000000001,
        "std": 0.0033391016756007816
      },
      "Pre/Stromal Cells": {
        "mean": 0.5838000000000001,
        "std": 0.01675434272062024
      },
      "Rec/Stromal Cells": {
        "mean": 0.7164400000000001,
        "std": 0.016940318769137753
      },
      "F1/Stromal Cells": {
        "mean": 0.6429400000000001,
        "std": 0.0059037615127984526
      },
      "Pre/TILs": {
        "mean": 0.84612,
        "std": 0.01009304711174974
      },
      "Rec/TILs": {
        "mean": 0.76048,
        "std": 0.016007548219511947
      },
      "F1/TILs": {
        "mean": 0.8008200000000001,
        "std": 0.005640000000000004
      },
      "mF1": {
        "mean": 0.6213900000000001,
        "std": 0.005106138462674133
      }
    }
  }
}
