{
  "pipeline": {
    "segmentation_scores": {
      "binary": {
        "dice": {
          "mean": 0.7521460287050367,
          "std": 0.004840266943413851
        },
        "fast_aji": {
          "mean": 0.5213560497570598,
          "std": 0.004899248336839626
        },
        "fast_aji_plus": {
          "mean": 0.5290717361840224,
          "std": 0.0053899614985610505
        }
      }
    },
    "detection_scores": {
      "binary": {
        "f1": {
          "mean": 0.7826856737015842,
          "std": 0.005870081300173864
        },
        "prec": {
          "mean": 0.70885087970249,
          "std": 0.006146508067447362
        },
        "rec": {
          "mean": 0.8736989097450293,
          "std": 0.005698951163493826
        }
      },
      "cell_types": {
        "Neutrophil": {
          "f1": {
            "mean": 0.15116802870177462,
            "std": 0.0532929714981128
          },
          "prec": {
            "mean": 0.12637563345745653,
            "std": 0.043522730081157195
          },
          "rec": {
            "mean": 0.2409649611442558,
            "std": 0.10539805673284772
          }
        },
        "Epithelial": {
          "f1": {
            "mean": 0.7271319512808785,
            "std": 0.010447261147458156
          },
          "prec": {
            "mean": 0.6730882249156277,
            "std": 0.008299702720740293
          },
          "rec": {
            "mean": 0.7908132735881638,
            "std": 0.018169638237535077
          }
        },
        "Lymphocyte": {
          "f1": {
            "mean": 0.5077128178267067,
            "std": 0.009257639468106935
          },
          "prec": {
            "mean": 0.5024711576728474,
            "std": 0.00870745779352266
          },
          "rec": {
            "mean": 0.5143652518570648,
            "std": 0.027265691784335692
          }
        },
        "Plasma": {
          "f1": {
            "mean": 0.2832620642618211,
            "std": 0.01201018841702898
          },
          "prec": {
            "mean": 0.22637937535885078,
            "std": 0.01746766595646437
          },
          "rec": {
            "mean": 0.3803689669906953,
            "std": 0.009216832368078591
          }
        },
        "Eosinophil": {
          "f1": {
            "mean": 0.2109808470820769,
            "std": 0.010681059714245749
          },
          "prec": {
            "mean": 0.17726705037440973,
            "std": 0.019366402476844922
          },
          "rec": {
            "mean": 0.2765886150282872,
            "std": 0.06421059186389166
          }
        },
        "Connective tissue": {
          "f1": {
            "mean": 0.4866355320940705,
            "std": 0.02733100320282424
          },
          "prec": {
            "mean": 0.44062319318841703,
            "std": 0.03386910258119279
          },
          "rec": {
            "mean": 0.5440816381774422,
            "std": 0.01623089621047717
          }
        }
      }
    },
    "pq_scores": {
      "binary": {
        "pq": {
          "mean": 0.5032638695976895,
          "std": 0.00936261822768653
        },
        "dq": {
          "mean": 0.6794287325139542,
          "std": 0.012557809180217549
        },
        "sq": {
          "mean": 0.7397383827371152,
          "std": 0.0017587972119641874
        }
      },
      "mean": {
        "pq": {
          "mean": 0.2790970754561178,
          "std": 0.004391744778045705
        },
        "dq": {
          "mean": 0.3754894510101841,
          "std": 0.006615436148508607
        },
        "sq": {
          "mean": 0.632821336265249,
          "std": 0.005117803577670992
        }
      },
      "mean+": {
        "pq": {
          "mean": 0.29323083230634056,
          "std": 0.004340092672314077
        },
        "dq": {
          "mean": 0.398297220916549,
          "std": 0.005232029167003606
        },
        "sq": {
          "mean": 0.7248429780974831,
          "std": 0.00838061561392301
        }
      },
      "cell_types+": {
        "Neutrophil": {
          "pq": {
            "mean": 0.10212419202126392,
            "std": 0.02907306513585063
          },
          "dq": {
            "mean": 0.14560575484259608,
            "std": 0.041270175402825265
          },
          "sq": {
            "mean": 0.7010818847149937,
            "std": 0.003037130652552301
          }
        },
        "Epithelial": {
          "pq": {
            "mean": 0.48674246858437514,
            "std": 0.0033120733418191026
          },
          "dq": {
            "mean": 0.6527118701954354,
            "std": 0.003439362149713097
          },
          "sq": {
            "mean": 0.7457178751660889,
            "std": 0.0014634822798249801
          }
        },
        "Lymphocyte": {
          "pq": {
            "mean": 0.4326710512889782,
            "std": 0.019705663697650262
          },
          "dq": {
            "mean": 0.5901504601923849,
            "std": 0.0175093816670403
          },
          "sq": {
            "mean": 0.7328168231740322,
            "std": 0.011983019163134167
          }
        },
        "Plasma": {
          "pq": {
            "mean": 0.2605671686572986,
            "std": 0.012105008232588798
          },
          "dq": {
            "mean": 0.35204575566334534,
            "std": 0.009174591293739685
          },
          "sq": {
            "mean": 0.7399153210187036,
            "std": 0.0216743881552513
          }
        },
        "Eosinophil": {
          "pq": {
            "mean": 0.10358115383404377,
            "std": 0.004480591207459524
          },
          "dq": {
            "mean": 0.15311529684914316,
            "std": 0.004127661590785925
          },
          "sq": {
            "mean": 0.6762518131053145,
            "std": 0.013862420271946509
          }
        },
        "Connective tissue": {
          "pq": {
            "mean": 0.37369895945208337,
            "std": 0.010777318508151227
          },
          "dq": {
            "mean": 0.4961541877563895,
            "std": 0.015941291693671367
          },
          "sq": {
            "mean": 0.753274151405765,
            "std": 0.0029608638662187966
          }
        }
      }
    }
  }
}
