{
  "cellvit_scores": {
    "F1": {
      "mean": 0.7689866510773234,
      "std": 0.0
    },
    "Prec": {
      "mean": 0.873470412276981,
      "std": 1.1102230246251565e-16
    },
    "Rec": {
      "mean": 0.7004049116847819,
      "std": 0.0
    }
  },
  "classifier": {
    "global": {
      "F1": {
        "mean": 0.86250981092453,
        "std": 0.009914253982195038
      },
      "Prec": {
        "mean": 0.86250981092453,
        "std": 0.009914253982195038
      },
      "Rec": {
        "mean": 0.86250981092453,
        "std": 0.009914253982195038
      },
      "Acc": {
        "mean": 0.86250981092453,
        "std": 0.009914253982195038
      },
      "Auroc": {
        "mean": 0.8902639985084534,
        "std": 0.01768643396376618
      },
      "AP": {
        "mean": 0.7785362720489502,
        "std": 0.03427174529392241
      }
    }
  },
  "pipeline": {
    "detection_scores_tia": {
      "binary": {
        "f1": {
          "mean": 0.7758908170196999,
          "std": 0.0
        },
        "prec": {
          "mean": 0.7004125320548557,
          "std": 0.0
        },
        "rec": {
          "mean": 0.8696013289036545,
          "std": 0.0
        }
      },
      "cell_types": {
        "other": {
          "f1": {
            "mean": 0.6646072999880487,
            "std": 0.007903040936399468
          },
          "prec": {
            "mean": 0.5753425278656821,
            "std": 0.011244424179990631
          },
          "rec": {
            "mean": 0.7873169508015659,
            "std": 0.0202684449953029
          }
        },
        "plasma_cell": {
          "f1": {
            "mean": 0.26927697335115386,
            "std": 0.03761425897161022
          },
          "prec": {
            "mean": 0.35257353079544035,
            "std": 0.04745866346865711
          },
          "rec": {
            "mean": 0.22425764879611787,
            "std": 0.05095707234652237
          }
        }
      }
    },
    "scores_ocelot": {
      "Pre/other": {
        "mean": 0.7376199999999999,
        "std": 0.014718342297962787
      },
      "Rec/other": {
        "mean": 0.97062,
        "std": 0.005015735240221541
      },
      "F1/other": {
        "mean": 0.8381399999999999,
        "std": 0.008937695452408313
      },
      "Pre/plasma_cell": {
        "mean": 0.7399,
        "std": 0.07309519820070261
      },
      "Rec/plasma_cell": {
        "mean": 0.5936,
        "std": 0.11712480522929378
      },
      "F1/plasma_cell": {
        "mean": 0.65104,
        "std": 0.07501158843805401
      },
      "mF1": {
        "mean": 0.74459,
        "std": 0.041745519520063466
      }
    }
  }
}
