{
  "Global F1 Score": {
    "mean": 0.8360970616340637,
    "sd": 0.0031649472350941607
  },
  "Global Precision": {
    "mean": 0.7951327562332153,
    "sd": 0.007824894051537135
  },
  "Global Recall": {
    "mean": 0.8816471815109252,
    "sd": 0.007763020325632297
  },
  "Global Accuracy": {
    "mean": 0.807234787940979,
    "sd": 0.004482065833228688
  },
  "Global AUROC": {
    "mean": 0.8874142408370972,
    "sd": 0.0031144391425040278
  },
  "BC Precision": {
    "mean": 0.5652999999999999,
    "sd": 0.0046823071236304055
  },
  "BC Recall": {
    "mean": 0.6179199999999999,
    "sd": 0.013113107945868495
  },
  "BC F1 Score": {
    "mean": 0.59034,
    "sd": 0.004939878541016992
  },
  "TC Precision": {
    "mean": 0.60142,
    "sd": 0.006451170436440193
  },
  "TC Recall": {
    "mean": 0.7367400000000001,
    "sd": 0.006278088881180337
  },
  "TC F1 Score": {
    "mean": 0.66218,
    "sd": 0.002702887345044184
  },
  "Mean F1 Score": {
    "mean": 0.62626,
    "sd": 0.0036852951035161352
  }
}
