{
  "cellvit_scores": {
    "F1": {
      "mean": 0.7787618479052221,
      "std": 0.0
    },
    "Prec": {
      "mean": 0.7666388097812087,
      "std": 0.0
    },
    "Rec": {
      "mean": 0.7974664137768235,
      "std": 0.0
    }
  },
  "classifier": {
    "global": {
      "F1": {
        "mean": 0.8615088701248169,
        "std": 0.013533172077128211
      },
      "Prec": {
        "mean": 0.8615088701248169,
        "std": 0.013533172077128211
      },
      "Rec": {
        "mean": 0.8615088701248169,
        "std": 0.013533172077128211
      },
      "Acc": {
        "mean": 0.8615088701248169,
        "std": 0.013533172077128211
      },
      "Auroc": {
        "mean": 0.9668160438537597,
        "std": 0.002518050979374609
      },
      "AP": {
        "mean": 0.9029489994049072,
        "std": 0.011383583124364239
      }
    }
  },
  "pipeline": {
    "segmentation_scores": {
      "binary": {
        "dice": {
          "mean": 0.8447450118001756,
          "std": 0.0
        },
        "fast_aji": {
          "mean": 0.5776229057377051,
          "std": 0.0
        },
        "fast_aji_plus": {
          "mean": 0.6080960594268857,
          "std": 0.0
        }
      }
    },
    "detection_scores": {
      "binary": {
        "f1": {
          "mean": 0.7724769578575155,
          "std": 0.0
        },
        "prec": {
          "mean": 0.7859164897381458,
          "std": 0.0
        },
        "rec": {
          "mean": 0.7594893423002393,
          "std": 0.0
        }
      },
      "cell_types": {
        "Miscellaneous": {
          "f1": {
            "mean": 0.514548996930044,
            "std": 0.03532592277430329
          },
          "prec": {
            "mean": 0.6209604459930033,
            "std": 0.05019322967887224
          },
          "rec": {
            "mean": 0.44322692078416753,
            "std": 0.04651986542650827
          }
        },
        "Inflammatory": {
          "f1": {
            "mean": 0.5398048971800604,
            "std": 0.061465322097088895
          },
          "prec": {
            "mean": 0.6684611737357843,
            "std": 0.06210399536130272
          },
          "rec": {
            "mean": 0.4743817853689709,
            "std": 0.11435748806794874
          }
        },
        "Epithelium": {
          "f1": {
            "mean": 0.6832295330984486,
            "std": 0.005872591777771148
          },
          "prec": {
            "mean": 0.6821564356754743,
            "std": 0.012137026604165392
          },
          "rec": {
            "mean": 0.6845104784865377,
            "std": 0.007794374832103639
          }
        },
        "Spindle-Shaped": {
          "f1": {
            "mean": 0.5691949563183687,
            "std": 0.009727455433054982
          },
          "prec": {
            "mean": 0.5409802896991289,
            "std": 0.041885230514472946
          },
          "rec": {
            "mean": 0.6073177546009436,
            "std": 0.04228220318880739
          }
        }
      }
    },
    "pq_scores": {
      "binary": {
        "pq": {
          "mean": 0.5481970297015736,
          "std": 0.0
        },
        "dq": {
          "mean": 0.7089749373687997,
          "std": 0.0
        },
        "sq": {
          "mean": 0.7711988905936644,
          "std": 0.0
        }
      },
      "mean": {
        "pq": {
          "mean": 0.38520693393247357,
          "std": 0.014350219537953159
        },
        "dq": {
          "mean": 0.4922142674549545,
          "std": 0.018566750838914445
        },
        "sq": {
          "mean": 0.6841462185294886,
          "std": 0.02407180012762643
        }
      },
      "mean+": {
        "pq": {
          "mean": 0.4534695650945853,
          "std": 0.011183470161615668
        },
        "dq": {
          "mean": 0.5864670652470925,
          "std": 0.014685192923173404
        },
        "sq": {
          "mean": 0.7684117898396234,
          "std": 0.0011779464521005946
        }
      },
      "cell_types+": {
        "Miscellaneous": {
          "pq": {
            "mean": 0.3293049038652302,
            "std": 0.01730783612680962
          },
          "dq": {
            "mean": 0.4549051086245181,
            "std": 0.023222736131683103
          },
          "sq": {
            "mean": 0.7238414166697096,
            "std": 0.0017863373556608567
          }
        },
        "Inflammatory": {
          "pq": {
            "mean": 0.5522450298453687,
            "std": 0.03824988159570954
          },
          "dq": {
            "mean": 0.6677010490263264,
            "std": 0.04973431109788081
          },
          "sq": {
            "mean": 0.8274278424533883,
            "std": 0.004685069314256773
          }
        },
        "Epithelium": {
          "pq": {
            "mean": 0.5067346723934201,
            "std": 0.0026043969690954234
          },
          "dq": {
            "mean": 0.6534674781411789,
            "std": 0.003124821036820032
          },
          "sq": {
            "mean": 0.7754538034293065,
            "std": 0.00041920287459515826
          }
        },
        "Spindle-Shaped": {
          "pq": {
            "mean": 0.4255936542743223,
            "std": 0.0043566275373486795
          },
          "dq": {
            "mean": 0.5697946251963462,
            "std": 0.0057720540989753474
          },
          "sq": {
            "mean": 0.7469240968060893,
            "std": 0.0006166379568752487
          }
        }
      }
    }
  }
}
